role,n,file,title,foundation
02,1,F02_0001.jpg,座高訓練 01,Tilley Measure of Man / Pheasant Bodyspace
02,2,F02_0002.jpg,座深訓練 02,Panero Human Dimension / Pheasant Bodyspace
02,3,F02_0003.jpg,伸手訓練 03,Tilley Measure of Man / Cranz The Chair
02,4,F02_0004.jpg,後傾訓練 04,Cranz The Chair / Postell Furniture Design
02,5,F02_0005.jpg,座高訓練 05,Tilley Measure of Man / Pheasant Bodyspace
02,6,F02_0006.jpg,座深訓練 06,Panero Human Dimension / Pheasant Bodyspace
02,7,F02_0007.jpg,伸手訓練 07,Tilley Measure of Man / Cranz The Chair
02,8,F02_0008.jpg,後傾訓練 08,Cranz The Chair / Postell Furniture Design
02,9,F02_0009.jpg,座高訓練 09,Tilley Measure of Man / Pheasant Bodyspace
02,10,F02_0010.jpg,座深訓練 10,Panero Human Dimension / Pheasant Bodyspace
02,11,F02_0011.jpg,伸手訓練 11,Tilley Measure of Man / Cranz The Chair
02,12,F02_0012.jpg,後傾訓練 12,Cranz The Chair / Postell Furniture Design
02,13,F02_0013.jpg,座高訓練 13,Tilley Measure of Man / Pheasant Bodyspace
02,14,F02_0014.jpg,座深訓練 14,Panero Human Dimension / Pheasant Bodyspace
02,15,F02_0015.jpg,伸手訓練 15,Tilley Measure of Man / Cranz The Chair
02,16,F02_0016.jpg,後傾訓練 16,Cranz The Chair / Postell Furniture Design
02,17,F02_0017.jpg,座高訓練 17,Tilley Measure of Man / Pheasant Bodyspace
02,18,F02_0018.jpg,座深訓練 18,Panero Human Dimension / Pheasant Bodyspace
02,19,F02_0019.jpg,伸手訓練 19,Tilley Measure of Man / Cranz The Chair
02,20,F02_0020.jpg,後傾訓練 20,Cranz The Chair / Postell Furniture Design
02,21,F02_0021.jpg,座高訓練 21,Tilley Measure of Man / Pheasant Bodyspace
02,22,F02_0022.jpg,座深訓練 22,Panero Human Dimension / Pheasant Bodyspace
02,23,F02_0023.jpg,伸手訓練 23,Tilley Measure of Man / Cranz The Chair
02,24,F02_0024.jpg,後傾訓練 24,Cranz The Chair / Postell Furniture Design
02,25,F02_0025.jpg,座高訓練 25,Tilley Measure of Man / Pheasant Bodyspace
02,26,F02_0026.jpg,座深訓練 26,Panero Human Dimension / Pheasant Bodyspace
02,27,F02_0027.jpg,伸手訓練 27,Tilley Measure of Man / Cranz The Chair
02,28,F02_0028.jpg,後傾訓練 28,Cranz The Chair / Postell Furniture Design
02,29,F02_0029.jpg,座高訓練 29,Tilley Measure of Man / Pheasant Bodyspace
02,30,F02_0030.jpg,座深訓練 30,Panero Human Dimension / Pheasant Bodyspace
02,31,F02_0031.jpg,伸手訓練 31,Tilley Measure of Man / Cranz The Chair
02,32,F02_0032.jpg,後傾訓練 32,Cranz The Chair / Postell Furniture Design
02,33,F02_0033.jpg,座高訓練 33,Tilley Measure of Man / Pheasant Bodyspace
02,34,F02_0034.jpg,座深訓練 34,Panero Human Dimension / Pheasant Bodyspace
02,35,F02_0035.jpg,伸手訓練 35,Tilley Measure of Man / Cranz The Chair
02,36,F02_0036.jpg,後傾訓練 36,Cranz The Chair / Postell Furniture Design
02,37,F02_0037.jpg,座高訓練 37,Tilley Measure of Man / Pheasant Bodyspace
02,38,F02_0038.jpg,座深訓練 38,Panero Human Dimension / Pheasant Bodyspace
02,39,F02_0039.jpg,伸手訓練 39,Tilley Measure of Man / Cranz The Chair
02,40,F02_0040.jpg,後傾訓練 40,Cranz The Chair / Postell Furniture Design
02,41,F02_0041.jpg,座高訓練 41,Tilley Measure of Man / Pheasant Bodyspace
02,42,F02_0042.jpg,座深訓練 42,Panero Human Dimension / Pheasant Bodyspace
02,43,F02_0043.jpg,伸手訓練 43,Tilley Measure of Man / Cranz The Chair
02,44,F02_0044.jpg,後傾訓練 44,Cranz The Chair / Postell Furniture Design
02,45,F02_0045.jpg,座高訓練 45,Tilley Measure of Man / Pheasant Bodyspace
02,46,F02_0046.jpg,座深訓練 46,Panero Human Dimension / Pheasant Bodyspace
02,47,F02_0047.jpg,伸手訓練 47,Tilley Measure of Man / Cranz The Chair
02,48,F02_0048.jpg,後傾訓練 48,Cranz The Chair / Postell Furniture Design
02,49,F02_0049.jpg,座高訓練 49,Tilley Measure of Man / Pheasant Bodyspace
02,50,F02_0050.jpg,座深訓練 50,Panero Human Dimension / Pheasant Bodyspace
02,51,F02_0051.jpg,伸手訓練 51,Tilley Measure of Man / Cranz The Chair
02,52,F02_0052.jpg,後傾訓練 52,Cranz The Chair / Postell Furniture Design
02,53,F02_0053.jpg,座高訓練 53,Tilley Measure of Man / Pheasant Bodyspace
02,54,F02_0054.jpg,座深訓練 54,Panero Human Dimension / Pheasant Bodyspace
02,55,F02_0055.jpg,伸手訓練 55,Tilley Measure of Man / Cranz The Chair
02,56,F02_0056.jpg,後傾訓練 56,Cranz The Chair / Postell Furniture Design
02,57,F02_0057.jpg,座高訓練 57,Tilley Measure of Man / Pheasant Bodyspace
02,58,F02_0058.jpg,座深訓練 58,Panero Human Dimension / Pheasant Bodyspace
02,59,F02_0059.jpg,伸手訓練 59,Tilley Measure of Man / Cranz The Chair
02,60,F02_0060.jpg,後傾訓練 60,Cranz The Chair / Postell Furniture Design
02,61,F02_0061.jpg,座高訓練 61,Tilley Measure of Man / Pheasant Bodyspace
02,62,F02_0062.jpg,座深訓練 62,Panero Human Dimension / Pheasant Bodyspace
02,63,F02_0063.jpg,伸手訓練 63,Tilley Measure of Man / Cranz The Chair
02,64,F02_0064.jpg,後傾訓練 64,Cranz The Chair / Postell Furniture Design
02,65,F02_0065.jpg,座高訓練 65,Tilley Measure of Man / Pheasant Bodyspace
02,66,F02_0066.jpg,座深訓練 66,Panero Human Dimension / Pheasant Bodyspace
02,67,F02_0067.jpg,伸手訓練 67,Tilley Measure of Man / Cranz The Chair
02,68,F02_0068.jpg,後傾訓練 68,Cranz The Chair / Postell Furniture Design
02,69,F02_0069.jpg,座高訓練 69,Tilley Measure of Man / Pheasant Bodyspace
02,70,F02_0070.jpg,座深訓練 70,Panero Human Dimension / Pheasant Bodyspace
02,71,F02_0071.jpg,伸手訓練 71,Tilley Measure of Man / Cranz The Chair
02,72,F02_0072.jpg,後傾訓練 72,Cranz The Chair / Postell Furniture Design
02,73,F02_0073.jpg,座高訓練 73,Tilley Measure of Man / Pheasant Bodyspace
02,74,F02_0074.jpg,座深訓練 74,Panero Human Dimension / Pheasant Bodyspace
02,75,F02_0075.jpg,伸手訓練 75,Tilley Measure of Man / Cranz The Chair
02,76,F02_0076.jpg,後傾訓練 76,Cranz The Chair / Postell Furniture Design
02,77,F02_0077.jpg,座高訓練 77,Tilley Measure of Man / Pheasant Bodyspace
02,78,F02_0078.jpg,座深訓練 78,Panero Human Dimension / Pheasant Bodyspace
02,79,F02_0079.jpg,伸手訓練 79,Tilley Measure of Man / Cranz The Chair
02,80,F02_0080.jpg,後傾訓練 80,Cranz The Chair / Postell Furniture Design
02,81,F02_0081.jpg,控制線 01,Ching Form Space and Order
02,82,F02_0082.jpg,比例校核 02,Wong Principles of Form / Rams Less but Better
02,83,F02_0083.jpg,倒圓 03,Pye Workmanship / Norman Everyday Things
02,84,F02_0084.jpg,木色家族 04,Itten Art of Color / Albers Interaction of Color
02,85,F02_0085.jpg,場景尺度 05,Ching Interior Design Illustrated / Alexander Pattern Language
02,86,F02_0086.jpg,控制線 06,Ching Form Space and Order
02,87,F02_0087.jpg,比例校核 07,Wong Principles of Form / Rams Less but Better
02,88,F02_0088.jpg,倒圓 08,Pye Workmanship / Norman Everyday Things
02,89,F02_0089.jpg,木色家族 09,Itten Art of Color / Albers Interaction of Color
02,90,F02_0090.jpg,場景尺度 10,Ching Interior Design Illustrated / Alexander Pattern Language
02,91,F02_0091.jpg,控制線 11,Ching Form Space and Order
02,92,F02_0092.jpg,比例校核 12,Wong Principles of Form / Rams Less but Better
02,93,F02_0093.jpg,倒圓 13,Pye Workmanship / Norman Everyday Things
02,94,F02_0094.jpg,木色家族 14,Itten Art of Color / Albers Interaction of Color
02,95,F02_0095.jpg,場景尺度 15,Ching Interior Design Illustrated / Alexander Pattern Language
02,96,F02_0096.jpg,控制線 16,Ching Form Space and Order
02,97,F02_0097.jpg,比例校核 17,Wong Principles of Form / Rams Less but Better
02,98,F02_0098.jpg,倒圓 18,Pye Workmanship / Norman Everyday Things
02,99,F02_0099.jpg,木色家族 19,Itten Art of Color / Albers Interaction of Color
02,100,F02_0100.jpg,場景尺度 20,Ching Interior Design Illustrated / Alexander Pattern Language
02,101,F02_0101.jpg,控制線 21,Ching Form Space and Order
02,102,F02_0102.jpg,比例校核 22,Wong Principles of Form / Rams Less but Better
02,103,F02_0103.jpg,倒圓 23,Pye Workmanship / Norman Everyday Things
02,104,F02_0104.jpg,木色家族 24,Itten Art of Color / Albers Interaction of Color
02,105,F02_0105.jpg,場景尺度 25,Ching Interior Design Illustrated / Alexander Pattern Language
02,106,F02_0106.jpg,控制線 26,Ching Form Space and Order
02,107,F02_0107.jpg,比例校核 27,Wong Principles of Form / Rams Less but Better
02,108,F02_0108.jpg,倒圓 28,Pye Workmanship / Norman Everyday Things
02,109,F02_0109.jpg,木色家族 29,Itten Art of Color / Albers Interaction of Color
02,110,F02_0110.jpg,場景尺度 30,Ching Interior Design Illustrated / Alexander Pattern Language
02,111,F02_0111.jpg,控制線 31,Ching Form Space and Order
02,112,F02_0112.jpg,比例校核 32,Wong Principles of Form / Rams Less but Better
02,113,F02_0113.jpg,倒圓 33,Pye Workmanship / Norman Everyday Things
02,114,F02_0114.jpg,木色家族 34,Itten Art of Color / Albers Interaction of Color
02,115,F02_0115.jpg,場景尺度 35,Ching Interior Design Illustrated / Alexander Pattern Language
02,116,F02_0116.jpg,控制線 36,Ching Form Space and Order
02,117,F02_0117.jpg,比例校核 37,Wong Principles of Form / Rams Less but Better
02,118,F02_0118.jpg,倒圓 38,Pye Workmanship / Norman Everyday Things
02,119,F02_0119.jpg,木色家族 39,Itten Art of Color / Albers Interaction of Color
02,120,F02_0120.jpg,場景尺度 40,Ching Interior Design Illustrated / Alexander Pattern Language
02,121,F02_0121.jpg,控制線 41,Ching Form Space and Order
02,122,F02_0122.jpg,比例校核 42,Wong Principles of Form / Rams Less but Better
02,123,F02_0123.jpg,倒圓 43,Pye Workmanship / Norman Everyday Things
02,124,F02_0124.jpg,木色家族 44,Itten Art of Color / Albers Interaction of Color
02,125,F02_0125.jpg,場景尺度 45,Ching Interior Design Illustrated / Alexander Pattern Language
02,126,F02_0126.jpg,控制線 46,Ching Form Space and Order
02,127,F02_0127.jpg,比例校核 47,Wong Principles of Form / Rams Less but Better
02,128,F02_0128.jpg,倒圓 48,Pye Workmanship / Norman Everyday Things
02,129,F02_0129.jpg,木色家族 49,Itten Art of Color / Albers Interaction of Color
02,130,F02_0130.jpg,場景尺度 50,Ching Interior Design Illustrated / Alexander Pattern Language
02,131,F02_0131.jpg,控制線 51,Ching Form Space and Order
02,132,F02_0132.jpg,比例校核 52,Wong Principles of Form / Rams Less but Better
02,133,F02_0133.jpg,倒圓 53,Pye Workmanship / Norman Everyday Things
02,134,F02_0134.jpg,木色家族 54,Itten Art of Color / Albers Interaction of Color
02,135,F02_0135.jpg,場景尺度 55,Ching Interior Design Illustrated / Alexander Pattern Language
02,136,F02_0136.jpg,控制線 56,Ching Form Space and Order
02,137,F02_0137.jpg,比例校核 57,Wong Principles of Form / Rams Less but Better
02,138,F02_0138.jpg,倒圓 58,Pye Workmanship / Norman Everyday Things
02,139,F02_0139.jpg,木色家族 59,Itten Art of Color / Albers Interaction of Color
02,140,F02_0140.jpg,場景尺度 60,Ching Interior Design Illustrated / Alexander Pattern Language
02,141,F02_0141.jpg,控制線 61,Ching Form Space and Order
02,142,F02_0142.jpg,比例校核 62,Wong Principles of Form / Rams Less but Better
02,143,F02_0143.jpg,倒圓 63,Pye Workmanship / Norman Everyday Things
02,144,F02_0144.jpg,木色家族 64,Itten Art of Color / Albers Interaction of Color
02,145,F02_0145.jpg,場景尺度 65,Ching Interior Design Illustrated / Alexander Pattern Language
02,146,F02_0146.jpg,控制線 66,Ching Form Space and Order
02,147,F02_0147.jpg,比例校核 67,Wong Principles of Form / Rams Less but Better
02,148,F02_0148.jpg,倒圓 68,Pye Workmanship / Norman Everyday Things
02,149,F02_0149.jpg,木色家族 69,Itten Art of Color / Albers Interaction of Color
02,150,F02_0150.jpg,場景尺度 70,Ching Interior Design Illustrated / Alexander Pattern Language
02,151,F02_0151.jpg,控制線 71,Ching Form Space and Order
02,152,F02_0152.jpg,比例校核 72,Wong Principles of Form / Rams Less but Better
02,153,F02_0153.jpg,倒圓 73,Pye Workmanship / Norman Everyday Things
02,154,F02_0154.jpg,木色家族 74,Itten Art of Color / Albers Interaction of Color
02,155,F02_0155.jpg,場景尺度 75,Ching Interior Design Illustrated / Alexander Pattern Language
02,156,F02_0156.jpg,控制線 76,Ching Form Space and Order
02,157,F02_0157.jpg,比例校核 77,Wong Principles of Form / Rams Less but Better
02,158,F02_0158.jpg,倒圓 78,Pye Workmanship / Norman Everyday Things
02,159,F02_0159.jpg,木色家族 79,Itten Art of Color / Albers Interaction of Color
02,160,F02_0160.jpg,場景尺度 80,Ching Interior Design Illustrated / Alexander Pattern Language
02,161,F02_0161.jpg,控制線 81,Ching Form Space and Order
02,162,F02_0162.jpg,比例校核 82,Wong Principles of Form / Rams Less but Better
02,163,F02_0163.jpg,倒圓 83,Pye Workmanship / Norman Everyday Things
02,164,F02_0164.jpg,木色家族 84,Itten Art of Color / Albers Interaction of Color
02,165,F02_0165.jpg,場景尺度 85,Ching Interior Design Illustrated / Alexander Pattern Language
02,166,F02_0166.jpg,控制線 86,Ching Form Space and Order
02,167,F02_0167.jpg,比例校核 87,Wong Principles of Form / Rams Less but Better
02,168,F02_0168.jpg,倒圓 88,Pye Workmanship / Norman Everyday Things
02,169,F02_0169.jpg,木色家族 89,Itten Art of Color / Albers Interaction of Color
02,170,F02_0170.jpg,場景尺度 90,Ching Interior Design Illustrated / Alexander Pattern Language
02,171,F02_0171.jpg,控制線 91,Ching Form Space and Order
02,172,F02_0172.jpg,比例校核 92,Wong Principles of Form / Rams Less but Better
02,173,F02_0173.jpg,倒圓 93,Pye Workmanship / Norman Everyday Things
02,174,F02_0174.jpg,木色家族 94,Itten Art of Color / Albers Interaction of Color
02,175,F02_0175.jpg,場景尺度 95,Ching Interior Design Illustrated / Alexander Pattern Language
02,176,F02_0176.jpg,控制線 96,Ching Form Space and Order
02,177,F02_0177.jpg,比例校核 97,Wong Principles of Form / Rams Less but Better
02,178,F02_0178.jpg,倒圓 98,Pye Workmanship / Norman Everyday Things
02,179,F02_0179.jpg,木色家族 99,Itten Art of Color / Albers Interaction of Color
02,180,F02_0180.jpg,場景尺度 100,Ching Interior Design Illustrated / Alexander Pattern Language
02,181,F02_0181.jpg,控制線 101,Ching Form Space and Order
02,182,F02_0182.jpg,比例校核 102,Wong Principles of Form / Rams Less but Better
02,183,F02_0183.jpg,倒圓 103,Pye Workmanship / Norman Everyday Things
02,184,F02_0184.jpg,木色家族 104,Itten Art of Color / Albers Interaction of Color
02,185,F02_0185.jpg,場景尺度 105,Ching Interior Design Illustrated / Alexander Pattern Language
02,186,F02_0186.jpg,控制線 106,Ching Form Space and Order
02,187,F02_0187.jpg,比例校核 107,Wong Principles of Form / Rams Less but Better
02,188,F02_0188.jpg,倒圓 108,Pye Workmanship / Norman Everyday Things
02,189,F02_0189.jpg,木色家族 109,Itten Art of Color / Albers Interaction of Color
02,190,F02_0190.jpg,場景尺度 110,Ching Interior Design Illustrated / Alexander Pattern Language
02,191,F02_0191.jpg,控制線 111,Ching Form Space and Order
02,192,F02_0192.jpg,比例校核 112,Wong Principles of Form / Rams Less but Better
02,193,F02_0193.jpg,倒圓 113,Pye Workmanship / Norman Everyday Things
02,194,F02_0194.jpg,木色家族 114,Itten Art of Color / Albers Interaction of Color
02,195,F02_0195.jpg,場景尺度 115,Ching Interior Design Illustrated / Alexander Pattern Language
02,196,F02_0196.jpg,控制線 116,Ching Form Space and Order
02,197,F02_0197.jpg,比例校核 117,Wong Principles of Form / Rams Less but Better
02,198,F02_0198.jpg,倒圓 118,Pye Workmanship / Norman Everyday Things
02,199,F02_0199.jpg,木色家族 119,Itten Art of Color / Albers Interaction of Color
02,200,F02_0200.jpg,場景尺度 120,Ching Interior Design Illustrated / Alexander Pattern Language
02,201,F02_0201.jpg,控制線 121,Ching Form Space and Order
02,202,F02_0202.jpg,比例校核 122,Wong Principles of Form / Rams Less but Better
02,203,F02_0203.jpg,倒圓 123,Pye Workmanship / Norman Everyday Things
02,204,F02_0204.jpg,木色家族 124,Itten Art of Color / Albers Interaction of Color
02,205,F02_0205.jpg,場景尺度 125,Ching Interior Design Illustrated / Alexander Pattern Language
02,206,F02_0206.jpg,控制線 126,Ching Form Space and Order
02,207,F02_0207.jpg,比例校核 127,Wong Principles of Form / Rams Less but Better
02,208,F02_0208.jpg,倒圓 128,Pye Workmanship / Norman Everyday Things
02,209,F02_0209.jpg,木色家族 129,Itten Art of Color / Albers Interaction of Color
02,210,F02_0210.jpg,場景尺度 130,Ching Interior Design Illustrated / Alexander Pattern Language
02,211,F02_0211.jpg,控制線 131,Ching Form Space and Order
02,212,F02_0212.jpg,比例校核 132,Wong Principles of Form / Rams Less but Better
02,213,F02_0213.jpg,倒圓 133,Pye Workmanship / Norman Everyday Things
02,214,F02_0214.jpg,木色家族 134,Itten Art of Color / Albers Interaction of Color
02,215,F02_0215.jpg,場景尺度 135,Ching Interior Design Illustrated / Alexander Pattern Language
02,216,F02_0216.jpg,控制線 136,Ching Form Space and Order
02,217,F02_0217.jpg,比例校核 137,Wong Principles of Form / Rams Less but Better
02,218,F02_0218.jpg,倒圓 138,Pye Workmanship / Norman Everyday Things
02,219,F02_0219.jpg,木色家族 139,Itten Art of Color / Albers Interaction of Color
02,220,F02_0220.jpg,場景尺度 140,Ching Interior Design Illustrated / Alexander Pattern Language
02,221,F02_0221.jpg,控制線 141,Ching Form Space and Order
02,222,F02_0222.jpg,比例校核 142,Wong Principles of Form / Rams Less but Better
02,223,F02_0223.jpg,倒圓 143,Pye Workmanship / Norman Everyday Things
02,224,F02_0224.jpg,木色家族 144,Itten Art of Color / Albers Interaction of Color
02,225,F02_0225.jpg,場景尺度 145,Ching Interior Design Illustrated / Alexander Pattern Language
02,226,F02_0226.jpg,控制線 146,Ching Form Space and Order
02,227,F02_0227.jpg,比例校核 147,Wong Principles of Form / Rams Less but Better
02,228,F02_0228.jpg,倒圓 148,Pye Workmanship / Norman Everyday Things
02,229,F02_0229.jpg,木色家族 149,Itten Art of Color / Albers Interaction of Color
02,230,F02_0230.jpg,場景尺度 150,Ching Interior Design Illustrated / Alexander Pattern Language
02,231,F02_0231.jpg,控制線 151,Ching Form Space and Order
02,232,F02_0232.jpg,比例校核 152,Wong Principles of Form / Rams Less but Better
02,233,F02_0233.jpg,倒圓 153,Pye Workmanship / Norman Everyday Things
02,234,F02_0234.jpg,木色家族 154,Itten Art of Color / Albers Interaction of Color
02,235,F02_0235.jpg,場景尺度 155,Ching Interior Design Illustrated / Alexander Pattern Language
02,236,F02_0236.jpg,控制線 156,Ching Form Space and Order
02,237,F02_0237.jpg,比例校核 157,Wong Principles of Form / Rams Less but Better
02,238,F02_0238.jpg,倒圓 158,Pye Workmanship / Norman Everyday Things
02,239,F02_0239.jpg,木色家族 159,Itten Art of Color / Albers Interaction of Color
02,240,F02_0240.jpg,場景尺度 160,Ching Interior Design Illustrated / Alexander Pattern Language
02,241,F02_0241.jpg,控制線 161,Ching Form Space and Order
02,242,F02_0242.jpg,比例校核 162,Wong Principles of Form / Rams Less but Better
02,243,F02_0243.jpg,倒圓 163,Pye Workmanship / Norman Everyday Things
02,244,F02_0244.jpg,木色家族 164,Itten Art of Color / Albers Interaction of Color
02,245,F02_0245.jpg,場景尺度 165,Ching Interior Design Illustrated / Alexander Pattern Language
02,246,F02_0246.jpg,控制線 166,Ching Form Space and Order
02,247,F02_0247.jpg,比例校核 167,Wong Principles of Form / Rams Less but Better
02,248,F02_0248.jpg,倒圓 168,Pye Workmanship / Norman Everyday Things
02,249,F02_0249.jpg,木色家族 169,Itten Art of Color / Albers Interaction of Color
02,250,F02_0250.jpg,場景尺度 170,Ching Interior Design Illustrated / Alexander Pattern Language
02,251,F02_0251.jpg,控制線 171,Ching Form Space and Order
02,252,F02_0252.jpg,比例校核 172,Wong Principles of Form / Rams Less but Better
02,253,F02_0253.jpg,倒圓 173,Pye Workmanship / Norman Everyday Things
02,254,F02_0254.jpg,木色家族 174,Itten Art of Color / Albers Interaction of Color
02,255,F02_0255.jpg,場景尺度 175,Ching Interior Design Illustrated / Alexander Pattern Language
02,256,F02_0256.jpg,控制線 176,Ching Form Space and Order
02,257,F02_0257.jpg,比例校核 177,Wong Principles of Form / Rams Less but Better
02,258,F02_0258.jpg,倒圓 178,Pye Workmanship / Norman Everyday Things
02,259,F02_0259.jpg,木色家族 179,Itten Art of Color / Albers Interaction of Color
02,260,F02_0260.jpg,場景尺度 180,Ching Interior Design Illustrated / Alexander Pattern Language
02,261,F02_0261.jpg,浪形椅接地線 01,Ching Form Space and Order
02,262,F02_0262.jpg,負空間是否可讀 02,Pye Nature of Workmanship
02,263,F02_0263.jpg,扶手開口正視 03,Rams Less but Better
02,264,F02_0264.jpg,木布分模退唇 04,Postell Furniture Design
02,265,F02_0265.jpg,花座五瓣節奏 05,Pallasmaa Eyes of the Skin
02,266,F02_0266.jpg,掛鉤 120° 陣列 06,Ching Form Space and Order
02,267,F02_0267.jpg,熊牌尺度 07,Pye Nature of Workmanship
02,268,F02_0268.jpg,繪圖櫃 R180 家族 08,Rams Less but Better
02,269,F02_0269.jpg,層板外伸當把手 09,Postell Furniture Design
02,270,F02_0270.jpg,兒童 vs 成人視線 10,Pallasmaa Eyes of the Skin
02,271,F02_0271.jpg,客廳走道 900 11,Ching Form Space and Order
02,272,F02_0272.jpg,玄關短掛 12,Pye Nature of Workmanship
02,273,F02_0273.jpg,酒店大堂尺度 13,Rams Less but Better
02,274,F02_0274.jpg,觸覺先於照片 14,Postell Furniture Design
02,275,F02_0275.jpg,少即是清楚 15,Pallasmaa Eyes of the Skin
02,276,F02_0276.jpg,浪形椅接地線 16,Ching Form Space and Order
02,277,F02_0277.jpg,負空間是否可讀 17,Pye Nature of Workmanship
02,278,F02_0278.jpg,扶手開口正視 18,Rams Less but Better
02,279,F02_0279.jpg,木布分模退唇 19,Postell Furniture Design
02,280,F02_0280.jpg,花座五瓣節奏 20,Pallasmaa Eyes of the Skin
02,281,F02_0281.jpg,掛鉤 120° 陣列 21,Ching Form Space and Order
02,282,F02_0282.jpg,熊牌尺度 22,Pye Nature of Workmanship
02,283,F02_0283.jpg,繪圖櫃 R180 家族 23,Rams Less but Better
02,284,F02_0284.jpg,層板外伸當把手 24,Postell Furniture Design
02,285,F02_0285.jpg,兒童 vs 成人視線 25,Pallasmaa Eyes of the Skin
02,286,F02_0286.jpg,客廳走道 900 26,Ching Form Space and Order
02,287,F02_0287.jpg,玄關短掛 27,Pye Nature of Workmanship
02,288,F02_0288.jpg,酒店大堂尺度 28,Rams Less but Better
02,289,F02_0289.jpg,觸覺先於照片 29,Postell Furniture Design
02,290,F02_0290.jpg,少即是清楚 30,Pallasmaa Eyes of the Skin
02,291,F02_0291.jpg,浪形椅接地線 31,Ching Form Space and Order
02,292,F02_0292.jpg,負空間是否可讀 32,Pye Nature of Workmanship
02,293,F02_0293.jpg,扶手開口正視 33,Rams Less but Better
02,294,F02_0294.jpg,木布分模退唇 34,Postell Furniture Design
02,295,F02_0295.jpg,花座五瓣節奏 35,Pallasmaa Eyes of the Skin
02,296,F02_0296.jpg,掛鉤 120° 陣列 36,Ching Form Space and Order
02,297,F02_0297.jpg,熊牌尺度 37,Pye Nature of Workmanship
02,298,F02_0298.jpg,繪圖櫃 R180 家族 38,Rams Less but Better
02,299,F02_0299.jpg,層板外伸當把手 39,Postell Furniture Design
02,300,F02_0300.jpg,兒童 vs 成人視線 40,Pallasmaa Eyes of the Skin
02,301,F02_0301.jpg,客廳走道 900 41,Ching Form Space and Order
02,302,F02_0302.jpg,玄關短掛 42,Pye Nature of Workmanship
02,303,F02_0303.jpg,酒店大堂尺度 43,Rams Less but Better
02,304,F02_0304.jpg,觸覺先於照片 44,Postell Furniture Design
02,305,F02_0305.jpg,少即是清楚 45,Pallasmaa Eyes of the Skin
02,306,F02_0306.jpg,浪形椅接地線 46,Ching Form Space and Order
02,307,F02_0307.jpg,負空間是否可讀 47,Pye Nature of Workmanship
02,308,F02_0308.jpg,扶手開口正視 48,Rams Less but Better
02,309,F02_0309.jpg,木布分模退唇 49,Postell Furniture Design
02,310,F02_0310.jpg,花座五瓣節奏 50,Pallasmaa Eyes of the Skin
02,311,F02_0311.jpg,掛鉤 120° 陣列 51,Ching Form Space and Order
02,312,F02_0312.jpg,熊牌尺度 52,Pye Nature of Workmanship
02,313,F02_0313.jpg,繪圖櫃 R180 家族 53,Rams Less but Better
02,314,F02_0314.jpg,層板外伸當把手 54,Postell Furniture Design
02,315,F02_0315.jpg,兒童 vs 成人視線 55,Pallasmaa Eyes of the Skin
02,316,F02_0316.jpg,客廳走道 900 56,Ching Form Space and Order
02,317,F02_0317.jpg,玄關短掛 57,Pye Nature of Workmanship
02,318,F02_0318.jpg,酒店大堂尺度 58,Rams Less but Better
02,319,F02_0319.jpg,觸覺先於照片 59,Postell Furniture Design
02,320,F02_0320.jpg,少即是清楚 60,Pallasmaa Eyes of the Skin
02,321,F02_0321.jpg,浪形椅接地線 61,Ching Form Space and Order
02,322,F02_0322.jpg,負空間是否可讀 62,Pye Nature of Workmanship
02,323,F02_0323.jpg,扶手開口正視 63,Rams Less but Better
02,324,F02_0324.jpg,木布分模退唇 64,Postell Furniture Design
02,325,F02_0325.jpg,花座五瓣節奏 65,Pallasmaa Eyes of the Skin
02,326,F02_0326.jpg,掛鉤 120° 陣列 66,Ching Form Space and Order
02,327,F02_0327.jpg,熊牌尺度 67,Pye Nature of Workmanship
02,328,F02_0328.jpg,繪圖櫃 R180 家族 68,Rams Less but Better
02,329,F02_0329.jpg,層板外伸當把手 69,Postell Furniture Design
02,330,F02_0330.jpg,兒童 vs 成人視線 70,Pallasmaa Eyes of the Skin
02,331,F02_0331.jpg,客廳走道 900 71,Ching Form Space and Order
02,332,F02_0332.jpg,玄關短掛 72,Pye Nature of Workmanship
02,333,F02_0333.jpg,酒店大堂尺度 73,Rams Less but Better
02,334,F02_0334.jpg,觸覺先於照片 74,Postell Furniture Design
02,335,F02_0335.jpg,少即是清楚 75,Pallasmaa Eyes of the Skin
02,336,F02_0336.jpg,浪形椅接地線 76,Ching Form Space and Order
02,337,F02_0337.jpg,負空間是否可讀 77,Pye Nature of Workmanship
02,338,F02_0338.jpg,扶手開口正視 78,Rams Less but Better
02,339,F02_0339.jpg,木布分模退唇 79,Postell Furniture Design
02,340,F02_0340.jpg,花座五瓣節奏 80,Pallasmaa Eyes of the Skin
03,1,F03_0001.jpg,年輪與受力 · 白橡導管 01,Hoadley Understanding Wood / FPL Wood Handbook
03,2,F03_0002.jpg,含水率 · 橡膠木均質 02,Hoadley Understanding Wood / FPL Wood Handbook
03,3,F03_0003.jpg,接合面積 · 松木20mm 03,Eckelman Furniture Strength / Rogowski Joinery
03,4,F03_0004.jpg,力流 · 山毛櫸移動 04,Hibbeler Mechanics of Materials / Gordon Structures
03,5,F03_0005.jpg,試驗次數 · 胡桃色重 05,EN 1728 / BIFMA X5.1 / Eckelman
03,6,F03_0006.jpg,年輪與受力 · 端紋封油 06,Hoadley Understanding Wood / FPL Wood Handbook
03,7,F03_0007.jpg,含水率 · 徑切 vs 弦切 07,Hoadley Understanding Wood / FPL Wood Handbook
03,8,F03_0008.jpg,接合面積 · 節疤避開受拉 08,Eckelman Furniture Strength / Rogowski Joinery
03,9,F03_0009.jpg,力流 · 層積順紋 09,Hibbeler Mechanics of Materials / Gordon Structures
03,10,F03_0010.jpg,試驗次數 · 指接接頭 10,EN 1728 / BIFMA X5.1 / Eckelman
03,11,F03_0011.jpg,年輪與受力 · 圓榫 H7 11,Hoadley Understanding Wood / FPL Wood Handbook
03,12,F03_0012.jpg,含水率 · Domino 12,Hoadley Understanding Wood / FPL Wood Handbook
03,13,F03_0013.jpg,接合面積 · 螺紋牙對橫紋 13,Eckelman Furniture Strength / Rogowski Joinery
03,14,F03_0014.jpg,力流 · 軸承鎖 14,Hibbeler Mechanics of Materials / Gordon Structures
03,15,F03_0015.jpg,試驗次數 · 牆扣路徑 15,EN 1728 / BIFMA X5.1 / Eckelman
03,16,F03_0016.jpg,年輪與受力 · 前舌不懸臂 16,Hoadley Understanding Wood / FPL Wood Handbook
03,17,F03_0017.jpg,含水率 · 花座傾覆 17,Hoadley Understanding Wood / FPL Wood Handbook
03,18,F03_0018.jpg,接合面積 · 抽板偏載 18,Eckelman Furniture Strength / Rogowski Joinery
03,19,F03_0019.jpg,力流 · 盆底32 19,Hibbeler Mechanics of Materials / Gordon Structures
03,20,F03_0020.jpg,試驗次數 · 扶手根45 20,EN 1728 / BIFMA X5.1 / Eckelman
03,21,F03_0021.jpg,年輪與受力 · 白橡導管 21,Hoadley Understanding Wood / FPL Wood Handbook
03,22,F03_0022.jpg,含水率 · 橡膠木均質 22,Hoadley Understanding Wood / FPL Wood Handbook
03,23,F03_0023.jpg,接合面積 · 松木20mm 23,Eckelman Furniture Strength / Rogowski Joinery
03,24,F03_0024.jpg,力流 · 山毛櫸移動 24,Hibbeler Mechanics of Materials / Gordon Structures
03,25,F03_0025.jpg,試驗次數 · 胡桃色重 25,EN 1728 / BIFMA X5.1 / Eckelman
03,26,F03_0026.jpg,年輪與受力 · 端紋封油 26,Hoadley Understanding Wood / FPL Wood Handbook
03,27,F03_0027.jpg,含水率 · 徑切 vs 弦切 27,Hoadley Understanding Wood / FPL Wood Handbook
03,28,F03_0028.jpg,接合面積 · 節疤避開受拉 28,Eckelman Furniture Strength / Rogowski Joinery
03,29,F03_0029.jpg,力流 · 層積順紋 29,Hibbeler Mechanics of Materials / Gordon Structures
03,30,F03_0030.jpg,試驗次數 · 指接接頭 30,EN 1728 / BIFMA X5.1 / Eckelman
03,31,F03_0031.jpg,年輪與受力 · 圓榫 H7 31,Hoadley Understanding Wood / FPL Wood Handbook
03,32,F03_0032.jpg,含水率 · Domino 32,Hoadley Understanding Wood / FPL Wood Handbook
03,33,F03_0033.jpg,接合面積 · 螺紋牙對橫紋 33,Eckelman Furniture Strength / Rogowski Joinery
03,34,F03_0034.jpg,力流 · 軸承鎖 34,Hibbeler Mechanics of Materials / Gordon Structures
03,35,F03_0035.jpg,試驗次數 · 牆扣路徑 35,EN 1728 / BIFMA X5.1 / Eckelman
03,36,F03_0036.jpg,年輪與受力 · 前舌不懸臂 36,Hoadley Understanding Wood / FPL Wood Handbook
03,37,F03_0037.jpg,含水率 · 花座傾覆 37,Hoadley Understanding Wood / FPL Wood Handbook
03,38,F03_0038.jpg,接合面積 · 抽板偏載 38,Eckelman Furniture Strength / Rogowski Joinery
03,39,F03_0039.jpg,力流 · 盆底32 39,Hibbeler Mechanics of Materials / Gordon Structures
03,40,F03_0040.jpg,試驗次數 · 扶手根45 40,EN 1728 / BIFMA X5.1 / Eckelman
03,41,F03_0041.jpg,年輪與受力 · 白橡導管 41,Hoadley Understanding Wood / FPL Wood Handbook
03,42,F03_0042.jpg,含水率 · 橡膠木均質 42,Hoadley Understanding Wood / FPL Wood Handbook
03,43,F03_0043.jpg,接合面積 · 松木20mm 43,Eckelman Furniture Strength / Rogowski Joinery
03,44,F03_0044.jpg,力流 · 山毛櫸移動 44,Hibbeler Mechanics of Materials / Gordon Structures
03,45,F03_0045.jpg,試驗次數 · 胡桃色重 45,EN 1728 / BIFMA X5.1 / Eckelman
03,46,F03_0046.jpg,年輪與受力 · 端紋封油 46,Hoadley Understanding Wood / FPL Wood Handbook
03,47,F03_0047.jpg,含水率 · 徑切 vs 弦切 47,Hoadley Understanding Wood / FPL Wood Handbook
03,48,F03_0048.jpg,接合面積 · 節疤避開受拉 48,Eckelman Furniture Strength / Rogowski Joinery
03,49,F03_0049.jpg,力流 · 層積順紋 49,Hibbeler Mechanics of Materials / Gordon Structures
03,50,F03_0050.jpg,試驗次數 · 指接接頭 50,EN 1728 / BIFMA X5.1 / Eckelman
03,51,F03_0051.jpg,年輪與受力 · 圓榫 H7 51,Hoadley Understanding Wood / FPL Wood Handbook
03,52,F03_0052.jpg,含水率 · Domino 52,Hoadley Understanding Wood / FPL Wood Handbook
03,53,F03_0053.jpg,接合面積 · 螺紋牙對橫紋 53,Eckelman Furniture Strength / Rogowski Joinery
03,54,F03_0054.jpg,力流 · 軸承鎖 54,Hibbeler Mechanics of Materials / Gordon Structures
03,55,F03_0055.jpg,試驗次數 · 牆扣路徑 55,EN 1728 / BIFMA X5.1 / Eckelman
03,56,F03_0056.jpg,年輪與受力 · 前舌不懸臂 56,Hoadley Understanding Wood / FPL Wood Handbook
03,57,F03_0057.jpg,含水率 · 花座傾覆 57,Hoadley Understanding Wood / FPL Wood Handbook
03,58,F03_0058.jpg,接合面積 · 抽板偏載 58,Eckelman Furniture Strength / Rogowski Joinery
03,59,F03_0059.jpg,力流 · 盆底32 59,Hibbeler Mechanics of Materials / Gordon Structures
03,60,F03_0060.jpg,試驗次數 · 扶手根45 60,EN 1728 / BIFMA X5.1 / Eckelman
03,61,F03_0061.jpg,年輪與受力 · 白橡導管 61,Hoadley Understanding Wood / FPL Wood Handbook
03,62,F03_0062.jpg,含水率 · 橡膠木均質 62,Hoadley Understanding Wood / FPL Wood Handbook
03,63,F03_0063.jpg,接合面積 · 松木20mm 63,Eckelman Furniture Strength / Rogowski Joinery
03,64,F03_0064.jpg,力流 · 山毛櫸移動 64,Hibbeler Mechanics of Materials / Gordon Structures
03,65,F03_0065.jpg,試驗次數 · 胡桃色重 65,EN 1728 / BIFMA X5.1 / Eckelman
03,66,F03_0066.jpg,年輪與受力 · 端紋封油 66,Hoadley Understanding Wood / FPL Wood Handbook
03,67,F03_0067.jpg,含水率 · 徑切 vs 弦切 67,Hoadley Understanding Wood / FPL Wood Handbook
03,68,F03_0068.jpg,接合面積 · 節疤避開受拉 68,Eckelman Furniture Strength / Rogowski Joinery
03,69,F03_0069.jpg,力流 · 層積順紋 69,Hibbeler Mechanics of Materials / Gordon Structures
03,70,F03_0070.jpg,試驗次數 · 指接接頭 70,EN 1728 / BIFMA X5.1 / Eckelman
03,71,F03_0071.jpg,年輪與受力 · 圓榫 H7 71,Hoadley Understanding Wood / FPL Wood Handbook
03,72,F03_0072.jpg,含水率 · Domino 72,Hoadley Understanding Wood / FPL Wood Handbook
03,73,F03_0073.jpg,接合面積 · 螺紋牙對橫紋 73,Eckelman Furniture Strength / Rogowski Joinery
03,74,F03_0074.jpg,力流 · 軸承鎖 74,Hibbeler Mechanics of Materials / Gordon Structures
03,75,F03_0075.jpg,試驗次數 · 牆扣路徑 75,EN 1728 / BIFMA X5.1 / Eckelman
03,76,F03_0076.jpg,年輪與受力 · 前舌不懸臂 76,Hoadley Understanding Wood / FPL Wood Handbook
03,77,F03_0077.jpg,含水率 · 花座傾覆 77,Hoadley Understanding Wood / FPL Wood Handbook
03,78,F03_0078.jpg,接合面積 · 抽板偏載 78,Eckelman Furniture Strength / Rogowski Joinery
03,79,F03_0079.jpg,力流 · 盆底32 79,Hibbeler Mechanics of Materials / Gordon Structures
03,80,F03_0080.jpg,試驗次數 · 扶手根45 80,EN 1728 / BIFMA X5.1 / Eckelman
03,81,F03_0081.jpg,年輪與受力 · 白橡導管 81,Hoadley Understanding Wood / FPL Wood Handbook
03,82,F03_0082.jpg,含水率 · 橡膠木均質 82,Hoadley Understanding Wood / FPL Wood Handbook
03,83,F03_0083.jpg,接合面積 · 松木20mm 83,Eckelman Furniture Strength / Rogowski Joinery
03,84,F03_0084.jpg,力流 · 山毛櫸移動 84,Hibbeler Mechanics of Materials / Gordon Structures
03,85,F03_0085.jpg,試驗次數 · 胡桃色重 85,EN 1728 / BIFMA X5.1 / Eckelman
03,86,F03_0086.jpg,年輪與受力 · 端紋封油 86,Hoadley Understanding Wood / FPL Wood Handbook
03,87,F03_0087.jpg,含水率 · 徑切 vs 弦切 87,Hoadley Understanding Wood / FPL Wood Handbook
03,88,F03_0088.jpg,接合面積 · 節疤避開受拉 88,Eckelman Furniture Strength / Rogowski Joinery
03,89,F03_0089.jpg,力流 · 層積順紋 89,Hibbeler Mechanics of Materials / Gordon Structures
03,90,F03_0090.jpg,試驗次數 · 指接接頭 90,EN 1728 / BIFMA X5.1 / Eckelman
03,91,F03_0091.jpg,年輪與受力 · 圓榫 H7 91,Hoadley Understanding Wood / FPL Wood Handbook
03,92,F03_0092.jpg,含水率 · Domino 92,Hoadley Understanding Wood / FPL Wood Handbook
03,93,F03_0093.jpg,接合面積 · 螺紋牙對橫紋 93,Eckelman Furniture Strength / Rogowski Joinery
03,94,F03_0094.jpg,力流 · 軸承鎖 94,Hibbeler Mechanics of Materials / Gordon Structures
03,95,F03_0095.jpg,試驗次數 · 牆扣路徑 95,EN 1728 / BIFMA X5.1 / Eckelman
03,96,F03_0096.jpg,年輪與受力 · 前舌不懸臂 96,Hoadley Understanding Wood / FPL Wood Handbook
03,97,F03_0097.jpg,含水率 · 花座傾覆 97,Hoadley Understanding Wood / FPL Wood Handbook
03,98,F03_0098.jpg,接合面積 · 抽板偏載 98,Eckelman Furniture Strength / Rogowski Joinery
03,99,F03_0099.jpg,力流 · 盆底32 99,Hibbeler Mechanics of Materials / Gordon Structures
03,100,F03_0100.jpg,試驗次數 · 扶手根45 100,EN 1728 / BIFMA X5.1 / Eckelman
03,101,F03_0101.jpg,年輪與受力 · 白橡導管 101,Hoadley Understanding Wood / FPL Wood Handbook
03,102,F03_0102.jpg,含水率 · 橡膠木均質 102,Hoadley Understanding Wood / FPL Wood Handbook
03,103,F03_0103.jpg,接合面積 · 松木20mm 103,Eckelman Furniture Strength / Rogowski Joinery
03,104,F03_0104.jpg,力流 · 山毛櫸移動 104,Hibbeler Mechanics of Materials / Gordon Structures
03,105,F03_0105.jpg,試驗次數 · 胡桃色重 105,EN 1728 / BIFMA X5.1 / Eckelman
03,106,F03_0106.jpg,年輪與受力 · 端紋封油 106,Hoadley Understanding Wood / FPL Wood Handbook
03,107,F03_0107.jpg,含水率 · 徑切 vs 弦切 107,Hoadley Understanding Wood / FPL Wood Handbook
03,108,F03_0108.jpg,接合面積 · 節疤避開受拉 108,Eckelman Furniture Strength / Rogowski Joinery
03,109,F03_0109.jpg,力流 · 層積順紋 109,Hibbeler Mechanics of Materials / Gordon Structures
03,110,F03_0110.jpg,試驗次數 · 指接接頭 110,EN 1728 / BIFMA X5.1 / Eckelman
03,111,F03_0111.jpg,年輪與受力 · 圓榫 H7 111,Hoadley Understanding Wood / FPL Wood Handbook
03,112,F03_0112.jpg,含水率 · Domino 112,Hoadley Understanding Wood / FPL Wood Handbook
03,113,F03_0113.jpg,接合面積 · 螺紋牙對橫紋 113,Eckelman Furniture Strength / Rogowski Joinery
03,114,F03_0114.jpg,力流 · 軸承鎖 114,Hibbeler Mechanics of Materials / Gordon Structures
03,115,F03_0115.jpg,試驗次數 · 牆扣路徑 115,EN 1728 / BIFMA X5.1 / Eckelman
03,116,F03_0116.jpg,年輪與受力 · 前舌不懸臂 116,Hoadley Understanding Wood / FPL Wood Handbook
03,117,F03_0117.jpg,含水率 · 花座傾覆 117,Hoadley Understanding Wood / FPL Wood Handbook
03,118,F03_0118.jpg,接合面積 · 抽板偏載 118,Eckelman Furniture Strength / Rogowski Joinery
03,119,F03_0119.jpg,力流 · 盆底32 119,Hibbeler Mechanics of Materials / Gordon Structures
03,120,F03_0120.jpg,試驗次數 · 扶手根45 120,EN 1728 / BIFMA X5.1 / Eckelman
03,121,F03_0121.jpg,年輪與受力 · 白橡導管 121,Hoadley Understanding Wood / FPL Wood Handbook
03,122,F03_0122.jpg,含水率 · 橡膠木均質 122,Hoadley Understanding Wood / FPL Wood Handbook
03,123,F03_0123.jpg,接合面積 · 松木20mm 123,Eckelman Furniture Strength / Rogowski Joinery
03,124,F03_0124.jpg,力流 · 山毛櫸移動 124,Hibbeler Mechanics of Materials / Gordon Structures
03,125,F03_0125.jpg,試驗次數 · 胡桃色重 125,EN 1728 / BIFMA X5.1 / Eckelman
03,126,F03_0126.jpg,年輪與受力 · 端紋封油 126,Hoadley Understanding Wood / FPL Wood Handbook
03,127,F03_0127.jpg,含水率 · 徑切 vs 弦切 127,Hoadley Understanding Wood / FPL Wood Handbook
03,128,F03_0128.jpg,接合面積 · 節疤避開受拉 128,Eckelman Furniture Strength / Rogowski Joinery
03,129,F03_0129.jpg,力流 · 層積順紋 129,Hibbeler Mechanics of Materials / Gordon Structures
03,130,F03_0130.jpg,試驗次數 · 指接接頭 130,EN 1728 / BIFMA X5.1 / Eckelman
03,131,F03_0131.jpg,年輪與受力 · 圓榫 H7 131,Hoadley Understanding Wood / FPL Wood Handbook
03,132,F03_0132.jpg,含水率 · Domino 132,Hoadley Understanding Wood / FPL Wood Handbook
03,133,F03_0133.jpg,接合面積 · 螺紋牙對橫紋 133,Eckelman Furniture Strength / Rogowski Joinery
03,134,F03_0134.jpg,力流 · 軸承鎖 134,Hibbeler Mechanics of Materials / Gordon Structures
03,135,F03_0135.jpg,試驗次數 · 牆扣路徑 135,EN 1728 / BIFMA X5.1 / Eckelman
03,136,F03_0136.jpg,年輪與受力 · 前舌不懸臂 136,Hoadley Understanding Wood / FPL Wood Handbook
03,137,F03_0137.jpg,含水率 · 花座傾覆 137,Hoadley Understanding Wood / FPL Wood Handbook
03,138,F03_0138.jpg,接合面積 · 抽板偏載 138,Eckelman Furniture Strength / Rogowski Joinery
03,139,F03_0139.jpg,力流 · 盆底32 139,Hibbeler Mechanics of Materials / Gordon Structures
03,140,F03_0140.jpg,試驗次數 · 扶手根45 140,EN 1728 / BIFMA X5.1 / Eckelman
03,141,F03_0141.jpg,年輪與受力 · 白橡導管 141,Hoadley Understanding Wood / FPL Wood Handbook
03,142,F03_0142.jpg,含水率 · 橡膠木均質 142,Hoadley Understanding Wood / FPL Wood Handbook
03,143,F03_0143.jpg,接合面積 · 松木20mm 143,Eckelman Furniture Strength / Rogowski Joinery
03,144,F03_0144.jpg,力流 · 山毛櫸移動 144,Hibbeler Mechanics of Materials / Gordon Structures
03,145,F03_0145.jpg,試驗次數 · 胡桃色重 145,EN 1728 / BIFMA X5.1 / Eckelman
03,146,F03_0146.jpg,年輪與受力 · 端紋封油 146,Hoadley Understanding Wood / FPL Wood Handbook
03,147,F03_0147.jpg,含水率 · 徑切 vs 弦切 147,Hoadley Understanding Wood / FPL Wood Handbook
03,148,F03_0148.jpg,接合面積 · 節疤避開受拉 148,Eckelman Furniture Strength / Rogowski Joinery
03,149,F03_0149.jpg,力流 · 層積順紋 149,Hibbeler Mechanics of Materials / Gordon Structures
03,150,F03_0150.jpg,試驗次數 · 指接接頭 150,EN 1728 / BIFMA X5.1 / Eckelman
03,151,F03_0151.jpg,年輪與受力 · 圓榫 H7 151,Hoadley Understanding Wood / FPL Wood Handbook
03,152,F03_0152.jpg,含水率 · Domino 152,Hoadley Understanding Wood / FPL Wood Handbook
03,153,F03_0153.jpg,接合面積 · 螺紋牙對橫紋 153,Eckelman Furniture Strength / Rogowski Joinery
03,154,F03_0154.jpg,力流 · 軸承鎖 154,Hibbeler Mechanics of Materials / Gordon Structures
03,155,F03_0155.jpg,試驗次數 · 牆扣路徑 155,EN 1728 / BIFMA X5.1 / Eckelman
03,156,F03_0156.jpg,年輪與受力 · 前舌不懸臂 156,Hoadley Understanding Wood / FPL Wood Handbook
03,157,F03_0157.jpg,含水率 · 花座傾覆 157,Hoadley Understanding Wood / FPL Wood Handbook
03,158,F03_0158.jpg,接合面積 · 抽板偏載 158,Eckelman Furniture Strength / Rogowski Joinery
03,159,F03_0159.jpg,力流 · 盆底32 159,Hibbeler Mechanics of Materials / Gordon Structures
03,160,F03_0160.jpg,試驗次數 · 扶手根45 160,EN 1728 / BIFMA X5.1 / Eckelman
03,161,F03_0161.jpg,年輪與受力 · 白橡導管 161,Hoadley Understanding Wood / FPL Wood Handbook
03,162,F03_0162.jpg,含水率 · 橡膠木均質 162,Hoadley Understanding Wood / FPL Wood Handbook
03,163,F03_0163.jpg,接合面積 · 松木20mm 163,Eckelman Furniture Strength / Rogowski Joinery
03,164,F03_0164.jpg,力流 · 山毛櫸移動 164,Hibbeler Mechanics of Materials / Gordon Structures
03,165,F03_0165.jpg,試驗次數 · 胡桃色重 165,EN 1728 / BIFMA X5.1 / Eckelman
03,166,F03_0166.jpg,年輪與受力 · 端紋封油 166,Hoadley Understanding Wood / FPL Wood Handbook
03,167,F03_0167.jpg,含水率 · 徑切 vs 弦切 167,Hoadley Understanding Wood / FPL Wood Handbook
03,168,F03_0168.jpg,接合面積 · 節疤避開受拉 168,Eckelman Furniture Strength / Rogowski Joinery
03,169,F03_0169.jpg,力流 · 層積順紋 169,Hibbeler Mechanics of Materials / Gordon Structures
03,170,F03_0170.jpg,試驗次數 · 指接接頭 170,EN 1728 / BIFMA X5.1 / Eckelman
03,171,F03_0171.jpg,年輪與受力 · 圓榫 H7 171,Hoadley Understanding Wood / FPL Wood Handbook
03,172,F03_0172.jpg,含水率 · Domino 172,Hoadley Understanding Wood / FPL Wood Handbook
03,173,F03_0173.jpg,接合面積 · 螺紋牙對橫紋 173,Eckelman Furniture Strength / Rogowski Joinery
03,174,F03_0174.jpg,力流 · 軸承鎖 174,Hibbeler Mechanics of Materials / Gordon Structures
03,175,F03_0175.jpg,試驗次數 · 牆扣路徑 175,EN 1728 / BIFMA X5.1 / Eckelman
03,176,F03_0176.jpg,年輪與受力 · 前舌不懸臂 176,Hoadley Understanding Wood / FPL Wood Handbook
03,177,F03_0177.jpg,含水率 · 花座傾覆 177,Hoadley Understanding Wood / FPL Wood Handbook
03,178,F03_0178.jpg,接合面積 · 抽板偏載 178,Eckelman Furniture Strength / Rogowski Joinery
03,179,F03_0179.jpg,力流 · 盆底32 179,Hibbeler Mechanics of Materials / Gordon Structures
03,180,F03_0180.jpg,試驗次數 · 扶手根45 180,EN 1728 / BIFMA X5.1 / Eckelman
03,181,F03_0181.jpg,年輪與受力 · 白橡導管 181,Hoadley Understanding Wood / FPL Wood Handbook
03,182,F03_0182.jpg,含水率 · 橡膠木均質 182,Hoadley Understanding Wood / FPL Wood Handbook
03,183,F03_0183.jpg,接合面積 · 松木20mm 183,Eckelman Furniture Strength / Rogowski Joinery
03,184,F03_0184.jpg,力流 · 山毛櫸移動 184,Hibbeler Mechanics of Materials / Gordon Structures
03,185,F03_0185.jpg,試驗次數 · 胡桃色重 185,EN 1728 / BIFMA X5.1 / Eckelman
03,186,F03_0186.jpg,年輪與受力 · 端紋封油 186,Hoadley Understanding Wood / FPL Wood Handbook
03,187,F03_0187.jpg,含水率 · 徑切 vs 弦切 187,Hoadley Understanding Wood / FPL Wood Handbook
03,188,F03_0188.jpg,接合面積 · 節疤避開受拉 188,Eckelman Furniture Strength / Rogowski Joinery
03,189,F03_0189.jpg,力流 · 層積順紋 189,Hibbeler Mechanics of Materials / Gordon Structures
03,190,F03_0190.jpg,試驗次數 · 指接接頭 190,EN 1728 / BIFMA X5.1 / Eckelman
03,191,F03_0191.jpg,年輪與受力 · 圓榫 H7 191,Hoadley Understanding Wood / FPL Wood Handbook
03,192,F03_0192.jpg,含水率 · Domino 192,Hoadley Understanding Wood / FPL Wood Handbook
03,193,F03_0193.jpg,接合面積 · 螺紋牙對橫紋 193,Eckelman Furniture Strength / Rogowski Joinery
03,194,F03_0194.jpg,力流 · 軸承鎖 194,Hibbeler Mechanics of Materials / Gordon Structures
03,195,F03_0195.jpg,試驗次數 · 牆扣路徑 195,EN 1728 / BIFMA X5.1 / Eckelman
03,196,F03_0196.jpg,年輪與受力 · 前舌不懸臂 196,Hoadley Understanding Wood / FPL Wood Handbook
03,197,F03_0197.jpg,含水率 · 花座傾覆 197,Hoadley Understanding Wood / FPL Wood Handbook
03,198,F03_0198.jpg,接合面積 · 抽板偏載 198,Eckelman Furniture Strength / Rogowski Joinery
03,199,F03_0199.jpg,力流 · 盆底32 199,Hibbeler Mechanics of Materials / Gordon Structures
03,200,F03_0200.jpg,試驗次數 · 扶手根45 200,EN 1728 / BIFMA X5.1 / Eckelman
03,201,F03_0201.jpg,年輪與受力 · 白橡導管 201,Hoadley Understanding Wood / FPL Wood Handbook
03,202,F03_0202.jpg,含水率 · 橡膠木均質 202,Hoadley Understanding Wood / FPL Wood Handbook
03,203,F03_0203.jpg,接合面積 · 松木20mm 203,Eckelman Furniture Strength / Rogowski Joinery
03,204,F03_0204.jpg,力流 · 山毛櫸移動 204,Hibbeler Mechanics of Materials / Gordon Structures
03,205,F03_0205.jpg,試驗次數 · 胡桃色重 205,EN 1728 / BIFMA X5.1 / Eckelman
03,206,F03_0206.jpg,年輪與受力 · 端紋封油 206,Hoadley Understanding Wood / FPL Wood Handbook
03,207,F03_0207.jpg,含水率 · 徑切 vs 弦切 207,Hoadley Understanding Wood / FPL Wood Handbook
03,208,F03_0208.jpg,接合面積 · 節疤避開受拉 208,Eckelman Furniture Strength / Rogowski Joinery
03,209,F03_0209.jpg,力流 · 層積順紋 209,Hibbeler Mechanics of Materials / Gordon Structures
03,210,F03_0210.jpg,試驗次數 · 指接接頭 210,EN 1728 / BIFMA X5.1 / Eckelman
03,211,F03_0211.jpg,年輪與受力 · 圓榫 H7 211,Hoadley Understanding Wood / FPL Wood Handbook
03,212,F03_0212.jpg,含水率 · Domino 212,Hoadley Understanding Wood / FPL Wood Handbook
03,213,F03_0213.jpg,接合面積 · 螺紋牙對橫紋 213,Eckelman Furniture Strength / Rogowski Joinery
03,214,F03_0214.jpg,力流 · 軸承鎖 214,Hibbeler Mechanics of Materials / Gordon Structures
03,215,F03_0215.jpg,試驗次數 · 牆扣路徑 215,EN 1728 / BIFMA X5.1 / Eckelman
03,216,F03_0216.jpg,年輪與受力 · 前舌不懸臂 216,Hoadley Understanding Wood / FPL Wood Handbook
03,217,F03_0217.jpg,含水率 · 花座傾覆 217,Hoadley Understanding Wood / FPL Wood Handbook
03,218,F03_0218.jpg,接合面積 · 抽板偏載 218,Eckelman Furniture Strength / Rogowski Joinery
03,219,F03_0219.jpg,力流 · 盆底32 219,Hibbeler Mechanics of Materials / Gordon Structures
03,220,F03_0220.jpg,試驗次數 · 扶手根45 220,EN 1728 / BIFMA X5.1 / Eckelman
03,221,F03_0221.jpg,年輪與受力 · 白橡導管 221,Hoadley Understanding Wood / FPL Wood Handbook
03,222,F03_0222.jpg,含水率 · 橡膠木均質 222,Hoadley Understanding Wood / FPL Wood Handbook
03,223,F03_0223.jpg,接合面積 · 松木20mm 223,Eckelman Furniture Strength / Rogowski Joinery
03,224,F03_0224.jpg,力流 · 山毛櫸移動 224,Hibbeler Mechanics of Materials / Gordon Structures
03,225,F03_0225.jpg,試驗次數 · 胡桃色重 225,EN 1728 / BIFMA X5.1 / Eckelman
03,226,F03_0226.jpg,年輪與受力 · 端紋封油 226,Hoadley Understanding Wood / FPL Wood Handbook
03,227,F03_0227.jpg,含水率 · 徑切 vs 弦切 227,Hoadley Understanding Wood / FPL Wood Handbook
03,228,F03_0228.jpg,接合面積 · 節疤避開受拉 228,Eckelman Furniture Strength / Rogowski Joinery
03,229,F03_0229.jpg,力流 · 層積順紋 229,Hibbeler Mechanics of Materials / Gordon Structures
03,230,F03_0230.jpg,試驗次數 · 指接接頭 230,EN 1728 / BIFMA X5.1 / Eckelman
03,231,F03_0231.jpg,年輪與受力 · 圓榫 H7 231,Hoadley Understanding Wood / FPL Wood Handbook
03,232,F03_0232.jpg,含水率 · Domino 232,Hoadley Understanding Wood / FPL Wood Handbook
03,233,F03_0233.jpg,接合面積 · 螺紋牙對橫紋 233,Eckelman Furniture Strength / Rogowski Joinery
03,234,F03_0234.jpg,力流 · 軸承鎖 234,Hibbeler Mechanics of Materials / Gordon Structures
03,235,F03_0235.jpg,試驗次數 · 牆扣路徑 235,EN 1728 / BIFMA X5.1 / Eckelman
03,236,F03_0236.jpg,年輪與受力 · 前舌不懸臂 236,Hoadley Understanding Wood / FPL Wood Handbook
03,237,F03_0237.jpg,含水率 · 花座傾覆 237,Hoadley Understanding Wood / FPL Wood Handbook
03,238,F03_0238.jpg,接合面積 · 抽板偏載 238,Eckelman Furniture Strength / Rogowski Joinery
03,239,F03_0239.jpg,力流 · 盆底32 239,Hibbeler Mechanics of Materials / Gordon Structures
03,240,F03_0240.jpg,試驗次數 · 扶手根45 240,EN 1728 / BIFMA X5.1 / Eckelman
03,241,F03_0241.jpg,年輪與受力 · 白橡導管 241,Hoadley Understanding Wood / FPL Wood Handbook
03,242,F03_0242.jpg,含水率 · 橡膠木均質 242,Hoadley Understanding Wood / FPL Wood Handbook
03,243,F03_0243.jpg,接合面積 · 松木20mm 243,Eckelman Furniture Strength / Rogowski Joinery
03,244,F03_0244.jpg,力流 · 山毛櫸移動 244,Hibbeler Mechanics of Materials / Gordon Structures
03,245,F03_0245.jpg,試驗次數 · 胡桃色重 245,EN 1728 / BIFMA X5.1 / Eckelman
03,246,F03_0246.jpg,年輪與受力 · 端紋封油 246,Hoadley Understanding Wood / FPL Wood Handbook
03,247,F03_0247.jpg,含水率 · 徑切 vs 弦切 247,Hoadley Understanding Wood / FPL Wood Handbook
03,248,F03_0248.jpg,接合面積 · 節疤避開受拉 248,Eckelman Furniture Strength / Rogowski Joinery
03,249,F03_0249.jpg,力流 · 層積順紋 249,Hibbeler Mechanics of Materials / Gordon Structures
03,250,F03_0250.jpg,試驗次數 · 指接接頭 250,EN 1728 / BIFMA X5.1 / Eckelman
03,251,F03_0251.jpg,年輪與受力 · 圓榫 H7 251,Hoadley Understanding Wood / FPL Wood Handbook
03,252,F03_0252.jpg,含水率 · Domino 252,Hoadley Understanding Wood / FPL Wood Handbook
03,253,F03_0253.jpg,接合面積 · 螺紋牙對橫紋 253,Eckelman Furniture Strength / Rogowski Joinery
03,254,F03_0254.jpg,力流 · 軸承鎖 254,Hibbeler Mechanics of Materials / Gordon Structures
03,255,F03_0255.jpg,試驗次數 · 牆扣路徑 255,EN 1728 / BIFMA X5.1 / Eckelman
03,256,F03_0256.jpg,年輪與受力 · 前舌不懸臂 256,Hoadley Understanding Wood / FPL Wood Handbook
03,257,F03_0257.jpg,含水率 · 花座傾覆 257,Hoadley Understanding Wood / FPL Wood Handbook
03,258,F03_0258.jpg,接合面積 · 抽板偏載 258,Eckelman Furniture Strength / Rogowski Joinery
03,259,F03_0259.jpg,力流 · 盆底32 259,Hibbeler Mechanics of Materials / Gordon Structures
03,260,F03_0260.jpg,試驗次數 · 扶手根45 260,EN 1728 / BIFMA X5.1 / Eckelman
03,261,F03_0261.jpg,年輪與受力 · 白橡導管 261,Hoadley Understanding Wood / FPL Wood Handbook
03,262,F03_0262.jpg,含水率 · 橡膠木均質 262,Hoadley Understanding Wood / FPL Wood Handbook
03,263,F03_0263.jpg,接合面積 · 松木20mm 263,Eckelman Furniture Strength / Rogowski Joinery
03,264,F03_0264.jpg,力流 · 山毛櫸移動 264,Hibbeler Mechanics of Materials / Gordon Structures
03,265,F03_0265.jpg,試驗次數 · 胡桃色重 265,EN 1728 / BIFMA X5.1 / Eckelman
03,266,F03_0266.jpg,年輪與受力 · 端紋封油 266,Hoadley Understanding Wood / FPL Wood Handbook
03,267,F03_0267.jpg,含水率 · 徑切 vs 弦切 267,Hoadley Understanding Wood / FPL Wood Handbook
03,268,F03_0268.jpg,接合面積 · 節疤避開受拉 268,Eckelman Furniture Strength / Rogowski Joinery
03,269,F03_0269.jpg,力流 · 層積順紋 269,Hibbeler Mechanics of Materials / Gordon Structures
03,270,F03_0270.jpg,試驗次數 · 指接接頭 270,EN 1728 / BIFMA X5.1 / Eckelman
03,271,F03_0271.jpg,年輪與受力 · 圓榫 H7 271,Hoadley Understanding Wood / FPL Wood Handbook
03,272,F03_0272.jpg,含水率 · Domino 272,Hoadley Understanding Wood / FPL Wood Handbook
03,273,F03_0273.jpg,接合面積 · 螺紋牙對橫紋 273,Eckelman Furniture Strength / Rogowski Joinery
03,274,F03_0274.jpg,力流 · 軸承鎖 274,Hibbeler Mechanics of Materials / Gordon Structures
03,275,F03_0275.jpg,試驗次數 · 牆扣路徑 275,EN 1728 / BIFMA X5.1 / Eckelman
03,276,F03_0276.jpg,年輪與受力 · 前舌不懸臂 276,Hoadley Understanding Wood / FPL Wood Handbook
03,277,F03_0277.jpg,含水率 · 花座傾覆 277,Hoadley Understanding Wood / FPL Wood Handbook
03,278,F03_0278.jpg,接合面積 · 抽板偏載 278,Eckelman Furniture Strength / Rogowski Joinery
03,279,F03_0279.jpg,力流 · 盆底32 279,Hibbeler Mechanics of Materials / Gordon Structures
03,280,F03_0280.jpg,試驗次數 · 扶手根45 280,EN 1728 / BIFMA X5.1 / Eckelman
03,281,F03_0281.jpg,年輪與受力 · 白橡導管 281,Hoadley Understanding Wood / FPL Wood Handbook
03,282,F03_0282.jpg,含水率 · 橡膠木均質 282,Hoadley Understanding Wood / FPL Wood Handbook
03,283,F03_0283.jpg,接合面積 · 松木20mm 283,Eckelman Furniture Strength / Rogowski Joinery
03,284,F03_0284.jpg,力流 · 山毛櫸移動 284,Hibbeler Mechanics of Materials / Gordon Structures
03,285,F03_0285.jpg,試驗次數 · 胡桃色重 285,EN 1728 / BIFMA X5.1 / Eckelman
03,286,F03_0286.jpg,年輪與受力 · 端紋封油 286,Hoadley Understanding Wood / FPL Wood Handbook
03,287,F03_0287.jpg,含水率 · 徑切 vs 弦切 287,Hoadley Understanding Wood / FPL Wood Handbook
03,288,F03_0288.jpg,接合面積 · 節疤避開受拉 288,Eckelman Furniture Strength / Rogowski Joinery
03,289,F03_0289.jpg,力流 · 層積順紋 289,Hibbeler Mechanics of Materials / Gordon Structures
03,290,F03_0290.jpg,試驗次數 · 指接接頭 290,EN 1728 / BIFMA X5.1 / Eckelman
03,291,F03_0291.jpg,年輪與受力 · 圓榫 H7 291,Hoadley Understanding Wood / FPL Wood Handbook
03,292,F03_0292.jpg,含水率 · Domino 292,Hoadley Understanding Wood / FPL Wood Handbook
03,293,F03_0293.jpg,接合面積 · 螺紋牙對橫紋 293,Eckelman Furniture Strength / Rogowski Joinery
03,294,F03_0294.jpg,力流 · 軸承鎖 294,Hibbeler Mechanics of Materials / Gordon Structures
03,295,F03_0295.jpg,試驗次數 · 牆扣路徑 295,EN 1728 / BIFMA X5.1 / Eckelman
03,296,F03_0296.jpg,年輪與受力 · 前舌不懸臂 296,Hoadley Understanding Wood / FPL Wood Handbook
03,297,F03_0297.jpg,含水率 · 花座傾覆 297,Hoadley Understanding Wood / FPL Wood Handbook
03,298,F03_0298.jpg,接合面積 · 抽板偏載 298,Eckelman Furniture Strength / Rogowski Joinery
03,299,F03_0299.jpg,力流 · 盆底32 299,Hibbeler Mechanics of Materials / Gordon Structures
03,300,F03_0300.jpg,試驗次數 · 扶手根45 300,EN 1728 / BIFMA X5.1 / Eckelman
03,301,F03_0301.jpg,年輪與受力 · 白橡導管 301,Hoadley Understanding Wood / FPL Wood Handbook
03,302,F03_0302.jpg,含水率 · 橡膠木均質 302,Hoadley Understanding Wood / FPL Wood Handbook
03,303,F03_0303.jpg,接合面積 · 松木20mm 303,Eckelman Furniture Strength / Rogowski Joinery
03,304,F03_0304.jpg,力流 · 山毛櫸移動 304,Hibbeler Mechanics of Materials / Gordon Structures
03,305,F03_0305.jpg,試驗次數 · 胡桃色重 305,EN 1728 / BIFMA X5.1 / Eckelman
03,306,F03_0306.jpg,年輪與受力 · 端紋封油 306,Hoadley Understanding Wood / FPL Wood Handbook
03,307,F03_0307.jpg,含水率 · 徑切 vs 弦切 307,Hoadley Understanding Wood / FPL Wood Handbook
03,308,F03_0308.jpg,接合面積 · 節疤避開受拉 308,Eckelman Furniture Strength / Rogowski Joinery
03,309,F03_0309.jpg,力流 · 層積順紋 309,Hibbeler Mechanics of Materials / Gordon Structures
03,310,F03_0310.jpg,試驗次數 · 指接接頭 310,EN 1728 / BIFMA X5.1 / Eckelman
03,311,F03_0311.jpg,年輪與受力 · 圓榫 H7 311,Hoadley Understanding Wood / FPL Wood Handbook
03,312,F03_0312.jpg,含水率 · Domino 312,Hoadley Understanding Wood / FPL Wood Handbook
03,313,F03_0313.jpg,接合面積 · 螺紋牙對橫紋 313,Eckelman Furniture Strength / Rogowski Joinery
03,314,F03_0314.jpg,力流 · 軸承鎖 314,Hibbeler Mechanics of Materials / Gordon Structures
03,315,F03_0315.jpg,試驗次數 · 牆扣路徑 315,EN 1728 / BIFMA X5.1 / Eckelman
03,316,F03_0316.jpg,年輪與受力 · 前舌不懸臂 316,Hoadley Understanding Wood / FPL Wood Handbook
03,317,F03_0317.jpg,含水率 · 花座傾覆 317,Hoadley Understanding Wood / FPL Wood Handbook
03,318,F03_0318.jpg,接合面積 · 抽板偏載 318,Eckelman Furniture Strength / Rogowski Joinery
03,319,F03_0319.jpg,力流 · 盆底32 319,Hibbeler Mechanics of Materials / Gordon Structures
03,320,F03_0320.jpg,試驗次數 · 扶手根45 320,EN 1728 / BIFMA X5.1 / Eckelman
03,321,F03_0321.jpg,年輪與受力 · 白橡導管 321,Hoadley Understanding Wood / FPL Wood Handbook
03,322,F03_0322.jpg,含水率 · 橡膠木均質 322,Hoadley Understanding Wood / FPL Wood Handbook
03,323,F03_0323.jpg,接合面積 · 松木20mm 323,Eckelman Furniture Strength / Rogowski Joinery
03,324,F03_0324.jpg,力流 · 山毛櫸移動 324,Hibbeler Mechanics of Materials / Gordon Structures
03,325,F03_0325.jpg,試驗次數 · 胡桃色重 325,EN 1728 / BIFMA X5.1 / Eckelman
03,326,F03_0326.jpg,年輪與受力 · 端紋封油 326,Hoadley Understanding Wood / FPL Wood Handbook
03,327,F03_0327.jpg,含水率 · 徑切 vs 弦切 327,Hoadley Understanding Wood / FPL Wood Handbook
03,328,F03_0328.jpg,接合面積 · 節疤避開受拉 328,Eckelman Furniture Strength / Rogowski Joinery
03,329,F03_0329.jpg,力流 · 層積順紋 329,Hibbeler Mechanics of Materials / Gordon Structures
03,330,F03_0330.jpg,試驗次數 · 指接接頭 330,EN 1728 / BIFMA X5.1 / Eckelman
04,1,F04_0001.jpg,四段工序 · 含水進料 01,Kalpakjian Manufacturing / Joyce Furniture Making
04,2,F04_0002.jpg,刀具 · 養料天數 02,Smid CNC Handbook / Machinery's Handbook
04,3,F04_0003.jpg,刀路 · 對色 03,Choi Sculptured Surface Machining / NURBS Book
04,4,F04_0004.jpg,治具 · OP1基準 04,Boothroyd DFMA / Shingo SMED
04,5,F04_0005.jpg,包材 · 真空吸盤 05,ISTA 3A / ASTM D4169 / Flexner Finishing
04,6,F04_0006.jpg,四段工序 · 陰模 06,Kalpakjian Manufacturing / Joyce Furniture Making
04,7,F04_0007.jpg,刀具 · sweep 07,Smid CNC Handbook / Machinery's Handbook
04,8,F04_0008.jpg,刀路 · 球刀 08,Choi Sculptured Surface Machining / NURBS Book
04,9,F04_0009.jpg,治具 · 清根 09,Boothroyd DFMA / Shingo SMED
04,10,F04_0010.jpg,包材 · 砂光工時 10,ISTA 3A / ASTM D4169 / Flexner Finishing
04,11,F04_0011.jpg,四段工序 · 硬質油 11,Kalpakjian Manufacturing / Joyce Furniture Making
04,12,F04_0012.jpg,刀具 · EN71-3 12,Smid CNC Handbook / Machinery's Handbook
04,13,F04_0013.jpg,刀路 · 導管填孔 13,Choi Sculptured Surface Machining / NURBS Book
04,14,F04_0014.jpg,治具 · 拆裝說明 14,Boothroyd DFMA / Shingo SMED
04,15,F04_0015.jpg,包材 · EPE厚度 15,ISTA 3A / ASTM D4169 / Flexner Finishing
04,16,F04_0016.jpg,四段工序 · 五軸±40 16,Kalpakjian Manufacturing / Joyce Furniture Making
04,17,F04_0017.jpg,刀具 · BACCI行程 17,Smid CNC Handbook / Machinery's Handbook
04,18,F04_0018.jpg,刀路 · 鑽模55度 18,Choi Sculptured Surface Machining / NURBS Book
04,19,F04_0019.jpg,治具 · 板式套裁 19,Boothroyd DFMA / Shingo SMED
04,20,F04_0020.jpg,包材 · 換線 20,ISTA 3A / ASTM D4169 / Flexner Finishing
04,21,F04_0021.jpg,四段工序 · 粉塵 21,Kalpakjian Manufacturing / Joyce Furniture Making
04,22,F04_0022.jpg,刀具 · VOC 22,Smid CNC Handbook / Machinery's Handbook
04,23,F04_0023.jpg,刀路 · 抽檢 23,Choi Sculptured Surface Machining / NURBS Book
04,24,F04_0024.jpg,治具 · 出廠攤治具 24,Boothroyd DFMA / Shingo SMED
04,25,F04_0025.jpg,包材 · 客訴回饋 25,ISTA 3A / ASTM D4169 / Flexner Finishing
04,26,F04_0026.jpg,四段工序 · 含水進料 26,Kalpakjian Manufacturing / Joyce Furniture Making
04,27,F04_0027.jpg,刀具 · 養料天數 27,Smid CNC Handbook / Machinery's Handbook
04,28,F04_0028.jpg,刀路 · 對色 28,Choi Sculptured Surface Machining / NURBS Book
04,29,F04_0029.jpg,治具 · OP1基準 29,Boothroyd DFMA / Shingo SMED
04,30,F04_0030.jpg,包材 · 真空吸盤 30,ISTA 3A / ASTM D4169 / Flexner Finishing
04,31,F04_0031.jpg,四段工序 · 陰模 31,Kalpakjian Manufacturing / Joyce Furniture Making
04,32,F04_0032.jpg,刀具 · sweep 32,Smid CNC Handbook / Machinery's Handbook
04,33,F04_0033.jpg,刀路 · 球刀 33,Choi Sculptured Surface Machining / NURBS Book
04,34,F04_0034.jpg,治具 · 清根 34,Boothroyd DFMA / Shingo SMED
04,35,F04_0035.jpg,包材 · 砂光工時 35,ISTA 3A / ASTM D4169 / Flexner Finishing
04,36,F04_0036.jpg,四段工序 · 硬質油 36,Kalpakjian Manufacturing / Joyce Furniture Making
04,37,F04_0037.jpg,刀具 · EN71-3 37,Smid CNC Handbook / Machinery's Handbook
04,38,F04_0038.jpg,刀路 · 導管填孔 38,Choi Sculptured Surface Machining / NURBS Book
04,39,F04_0039.jpg,治具 · 拆裝說明 39,Boothroyd DFMA / Shingo SMED
04,40,F04_0040.jpg,包材 · EPE厚度 40,ISTA 3A / ASTM D4169 / Flexner Finishing
04,41,F04_0041.jpg,四段工序 · 五軸±40 41,Kalpakjian Manufacturing / Joyce Furniture Making
04,42,F04_0042.jpg,刀具 · BACCI行程 42,Smid CNC Handbook / Machinery's Handbook
04,43,F04_0043.jpg,刀路 · 鑽模55度 43,Choi Sculptured Surface Machining / NURBS Book
04,44,F04_0044.jpg,治具 · 板式套裁 44,Boothroyd DFMA / Shingo SMED
04,45,F04_0045.jpg,包材 · 換線 45,ISTA 3A / ASTM D4169 / Flexner Finishing
04,46,F04_0046.jpg,四段工序 · 粉塵 46,Kalpakjian Manufacturing / Joyce Furniture Making
04,47,F04_0047.jpg,刀具 · VOC 47,Smid CNC Handbook / Machinery's Handbook
04,48,F04_0048.jpg,刀路 · 抽檢 48,Choi Sculptured Surface Machining / NURBS Book
04,49,F04_0049.jpg,治具 · 出廠攤治具 49,Boothroyd DFMA / Shingo SMED
04,50,F04_0050.jpg,包材 · 客訴回饋 50,ISTA 3A / ASTM D4169 / Flexner Finishing
04,51,F04_0051.jpg,四段工序 · 含水進料 51,Kalpakjian Manufacturing / Joyce Furniture Making
04,52,F04_0052.jpg,刀具 · 養料天數 52,Smid CNC Handbook / Machinery's Handbook
04,53,F04_0053.jpg,刀路 · 對色 53,Choi Sculptured Surface Machining / NURBS Book
04,54,F04_0054.jpg,治具 · OP1基準 54,Boothroyd DFMA / Shingo SMED
04,55,F04_0055.jpg,包材 · 真空吸盤 55,ISTA 3A / ASTM D4169 / Flexner Finishing
04,56,F04_0056.jpg,四段工序 · 陰模 56,Kalpakjian Manufacturing / Joyce Furniture Making
04,57,F04_0057.jpg,刀具 · sweep 57,Smid CNC Handbook / Machinery's Handbook
04,58,F04_0058.jpg,刀路 · 球刀 58,Choi Sculptured Surface Machining / NURBS Book
04,59,F04_0059.jpg,治具 · 清根 59,Boothroyd DFMA / Shingo SMED
04,60,F04_0060.jpg,包材 · 砂光工時 60,ISTA 3A / ASTM D4169 / Flexner Finishing
04,61,F04_0061.jpg,四段工序 · 硬質油 61,Kalpakjian Manufacturing / Joyce Furniture Making
04,62,F04_0062.jpg,刀具 · EN71-3 62,Smid CNC Handbook / Machinery's Handbook
04,63,F04_0063.jpg,刀路 · 導管填孔 63,Choi Sculptured Surface Machining / NURBS Book
04,64,F04_0064.jpg,治具 · 拆裝說明 64,Boothroyd DFMA / Shingo SMED
04,65,F04_0065.jpg,包材 · EPE厚度 65,ISTA 3A / ASTM D4169 / Flexner Finishing
04,66,F04_0066.jpg,四段工序 · 五軸±40 66,Kalpakjian Manufacturing / Joyce Furniture Making
04,67,F04_0067.jpg,刀具 · BACCI行程 67,Smid CNC Handbook / Machinery's Handbook
04,68,F04_0068.jpg,刀路 · 鑽模55度 68,Choi Sculptured Surface Machining / NURBS Book
04,69,F04_0069.jpg,治具 · 板式套裁 69,Boothroyd DFMA / Shingo SMED
04,70,F04_0070.jpg,包材 · 換線 70,ISTA 3A / ASTM D4169 / Flexner Finishing
04,71,F04_0071.jpg,四段工序 · 粉塵 71,Kalpakjian Manufacturing / Joyce Furniture Making
04,72,F04_0072.jpg,刀具 · VOC 72,Smid CNC Handbook / Machinery's Handbook
04,73,F04_0073.jpg,刀路 · 抽檢 73,Choi Sculptured Surface Machining / NURBS Book
04,74,F04_0074.jpg,治具 · 出廠攤治具 74,Boothroyd DFMA / Shingo SMED
04,75,F04_0075.jpg,包材 · 客訴回饋 75,ISTA 3A / ASTM D4169 / Flexner Finishing
04,76,F04_0076.jpg,四段工序 · 含水進料 76,Kalpakjian Manufacturing / Joyce Furniture Making
04,77,F04_0077.jpg,刀具 · 養料天數 77,Smid CNC Handbook / Machinery's Handbook
04,78,F04_0078.jpg,刀路 · 對色 78,Choi Sculptured Surface Machining / NURBS Book
04,79,F04_0079.jpg,治具 · OP1基準 79,Boothroyd DFMA / Shingo SMED
04,80,F04_0080.jpg,包材 · 真空吸盤 80,ISTA 3A / ASTM D4169 / Flexner Finishing
04,81,F04_0081.jpg,四段工序 · 陰模 81,Kalpakjian Manufacturing / Joyce Furniture Making
04,82,F04_0082.jpg,刀具 · sweep 82,Smid CNC Handbook / Machinery's Handbook
04,83,F04_0083.jpg,刀路 · 球刀 83,Choi Sculptured Surface Machining / NURBS Book
04,84,F04_0084.jpg,治具 · 清根 84,Boothroyd DFMA / Shingo SMED
04,85,F04_0085.jpg,包材 · 砂光工時 85,ISTA 3A / ASTM D4169 / Flexner Finishing
04,86,F04_0086.jpg,四段工序 · 硬質油 86,Kalpakjian Manufacturing / Joyce Furniture Making
04,87,F04_0087.jpg,刀具 · EN71-3 87,Smid CNC Handbook / Machinery's Handbook
04,88,F04_0088.jpg,刀路 · 導管填孔 88,Choi Sculptured Surface Machining / NURBS Book
04,89,F04_0089.jpg,治具 · 拆裝說明 89,Boothroyd DFMA / Shingo SMED
04,90,F04_0090.jpg,包材 · EPE厚度 90,ISTA 3A / ASTM D4169 / Flexner Finishing
04,91,F04_0091.jpg,四段工序 · 五軸±40 91,Kalpakjian Manufacturing / Joyce Furniture Making
04,92,F04_0092.jpg,刀具 · BACCI行程 92,Smid CNC Handbook / Machinery's Handbook
04,93,F04_0093.jpg,刀路 · 鑽模55度 93,Choi Sculptured Surface Machining / NURBS Book
04,94,F04_0094.jpg,治具 · 板式套裁 94,Boothroyd DFMA / Shingo SMED
04,95,F04_0095.jpg,包材 · 換線 95,ISTA 3A / ASTM D4169 / Flexner Finishing
04,96,F04_0096.jpg,四段工序 · 粉塵 96,Kalpakjian Manufacturing / Joyce Furniture Making
04,97,F04_0097.jpg,刀具 · VOC 97,Smid CNC Handbook / Machinery's Handbook
04,98,F04_0098.jpg,刀路 · 抽檢 98,Choi Sculptured Surface Machining / NURBS Book
04,99,F04_0099.jpg,治具 · 出廠攤治具 99,Boothroyd DFMA / Shingo SMED
04,100,F04_0100.jpg,包材 · 客訴回饋 100,ISTA 3A / ASTM D4169 / Flexner Finishing
04,101,F04_0101.jpg,四段工序 · 含水進料 101,Kalpakjian Manufacturing / Joyce Furniture Making
04,102,F04_0102.jpg,刀具 · 養料天數 102,Smid CNC Handbook / Machinery's Handbook
04,103,F04_0103.jpg,刀路 · 對色 103,Choi Sculptured Surface Machining / NURBS Book
04,104,F04_0104.jpg,治具 · OP1基準 104,Boothroyd DFMA / Shingo SMED
04,105,F04_0105.jpg,包材 · 真空吸盤 105,ISTA 3A / ASTM D4169 / Flexner Finishing
04,106,F04_0106.jpg,四段工序 · 陰模 106,Kalpakjian Manufacturing / Joyce Furniture Making
04,107,F04_0107.jpg,刀具 · sweep 107,Smid CNC Handbook / Machinery's Handbook
04,108,F04_0108.jpg,刀路 · 球刀 108,Choi Sculptured Surface Machining / NURBS Book
04,109,F04_0109.jpg,治具 · 清根 109,Boothroyd DFMA / Shingo SMED
04,110,F04_0110.jpg,包材 · 砂光工時 110,ISTA 3A / ASTM D4169 / Flexner Finishing
04,111,F04_0111.jpg,四段工序 · 硬質油 111,Kalpakjian Manufacturing / Joyce Furniture Making
04,112,F04_0112.jpg,刀具 · EN71-3 112,Smid CNC Handbook / Machinery's Handbook
04,113,F04_0113.jpg,刀路 · 導管填孔 113,Choi Sculptured Surface Machining / NURBS Book
04,114,F04_0114.jpg,治具 · 拆裝說明 114,Boothroyd DFMA / Shingo SMED
04,115,F04_0115.jpg,包材 · EPE厚度 115,ISTA 3A / ASTM D4169 / Flexner Finishing
04,116,F04_0116.jpg,四段工序 · 五軸±40 116,Kalpakjian Manufacturing / Joyce Furniture Making
04,117,F04_0117.jpg,刀具 · BACCI行程 117,Smid CNC Handbook / Machinery's Handbook
04,118,F04_0118.jpg,刀路 · 鑽模55度 118,Choi Sculptured Surface Machining / NURBS Book
04,119,F04_0119.jpg,治具 · 板式套裁 119,Boothroyd DFMA / Shingo SMED
04,120,F04_0120.jpg,包材 · 換線 120,ISTA 3A / ASTM D4169 / Flexner Finishing
04,121,F04_0121.jpg,四段工序 · 粉塵 121,Kalpakjian Manufacturing / Joyce Furniture Making
04,122,F04_0122.jpg,刀具 · VOC 122,Smid CNC Handbook / Machinery's Handbook
04,123,F04_0123.jpg,刀路 · 抽檢 123,Choi Sculptured Surface Machining / NURBS Book
04,124,F04_0124.jpg,治具 · 出廠攤治具 124,Boothroyd DFMA / Shingo SMED
04,125,F04_0125.jpg,包材 · 客訴回饋 125,ISTA 3A / ASTM D4169 / Flexner Finishing
04,126,F04_0126.jpg,四段工序 · 含水進料 126,Kalpakjian Manufacturing / Joyce Furniture Making
04,127,F04_0127.jpg,刀具 · 養料天數 127,Smid CNC Handbook / Machinery's Handbook
04,128,F04_0128.jpg,刀路 · 對色 128,Choi Sculptured Surface Machining / NURBS Book
04,129,F04_0129.jpg,治具 · OP1基準 129,Boothroyd DFMA / Shingo SMED
04,130,F04_0130.jpg,包材 · 真空吸盤 130,ISTA 3A / ASTM D4169 / Flexner Finishing
04,131,F04_0131.jpg,四段工序 · 陰模 131,Kalpakjian Manufacturing / Joyce Furniture Making
04,132,F04_0132.jpg,刀具 · sweep 132,Smid CNC Handbook / Machinery's Handbook
04,133,F04_0133.jpg,刀路 · 球刀 133,Choi Sculptured Surface Machining / NURBS Book
04,134,F04_0134.jpg,治具 · 清根 134,Boothroyd DFMA / Shingo SMED
04,135,F04_0135.jpg,包材 · 砂光工時 135,ISTA 3A / ASTM D4169 / Flexner Finishing
04,136,F04_0136.jpg,四段工序 · 硬質油 136,Kalpakjian Manufacturing / Joyce Furniture Making
04,137,F04_0137.jpg,刀具 · EN71-3 137,Smid CNC Handbook / Machinery's Handbook
04,138,F04_0138.jpg,刀路 · 導管填孔 138,Choi Sculptured Surface Machining / NURBS Book
04,139,F04_0139.jpg,治具 · 拆裝說明 139,Boothroyd DFMA / Shingo SMED
04,140,F04_0140.jpg,包材 · EPE厚度 140,ISTA 3A / ASTM D4169 / Flexner Finishing
04,141,F04_0141.jpg,四段工序 · 五軸±40 141,Kalpakjian Manufacturing / Joyce Furniture Making
04,142,F04_0142.jpg,刀具 · BACCI行程 142,Smid CNC Handbook / Machinery's Handbook
04,143,F04_0143.jpg,刀路 · 鑽模55度 143,Choi Sculptured Surface Machining / NURBS Book
04,144,F04_0144.jpg,治具 · 板式套裁 144,Boothroyd DFMA / Shingo SMED
04,145,F04_0145.jpg,包材 · 換線 145,ISTA 3A / ASTM D4169 / Flexner Finishing
04,146,F04_0146.jpg,四段工序 · 粉塵 146,Kalpakjian Manufacturing / Joyce Furniture Making
04,147,F04_0147.jpg,刀具 · VOC 147,Smid CNC Handbook / Machinery's Handbook
04,148,F04_0148.jpg,刀路 · 抽檢 148,Choi Sculptured Surface Machining / NURBS Book
04,149,F04_0149.jpg,治具 · 出廠攤治具 149,Boothroyd DFMA / Shingo SMED
04,150,F04_0150.jpg,包材 · 客訴回饋 150,ISTA 3A / ASTM D4169 / Flexner Finishing
04,151,F04_0151.jpg,四段工序 · 含水進料 151,Kalpakjian Manufacturing / Joyce Furniture Making
04,152,F04_0152.jpg,刀具 · 養料天數 152,Smid CNC Handbook / Machinery's Handbook
04,153,F04_0153.jpg,刀路 · 對色 153,Choi Sculptured Surface Machining / NURBS Book
04,154,F04_0154.jpg,治具 · OP1基準 154,Boothroyd DFMA / Shingo SMED
04,155,F04_0155.jpg,包材 · 真空吸盤 155,ISTA 3A / ASTM D4169 / Flexner Finishing
04,156,F04_0156.jpg,四段工序 · 陰模 156,Kalpakjian Manufacturing / Joyce Furniture Making
04,157,F04_0157.jpg,刀具 · sweep 157,Smid CNC Handbook / Machinery's Handbook
04,158,F04_0158.jpg,刀路 · 球刀 158,Choi Sculptured Surface Machining / NURBS Book
04,159,F04_0159.jpg,治具 · 清根 159,Boothroyd DFMA / Shingo SMED
04,160,F04_0160.jpg,包材 · 砂光工時 160,ISTA 3A / ASTM D4169 / Flexner Finishing
04,161,F04_0161.jpg,四段工序 · 硬質油 161,Kalpakjian Manufacturing / Joyce Furniture Making
04,162,F04_0162.jpg,刀具 · EN71-3 162,Smid CNC Handbook / Machinery's Handbook
04,163,F04_0163.jpg,刀路 · 導管填孔 163,Choi Sculptured Surface Machining / NURBS Book
04,164,F04_0164.jpg,治具 · 拆裝說明 164,Boothroyd DFMA / Shingo SMED
04,165,F04_0165.jpg,包材 · EPE厚度 165,ISTA 3A / ASTM D4169 / Flexner Finishing
04,166,F04_0166.jpg,四段工序 · 五軸±40 166,Kalpakjian Manufacturing / Joyce Furniture Making
04,167,F04_0167.jpg,刀具 · BACCI行程 167,Smid CNC Handbook / Machinery's Handbook
04,168,F04_0168.jpg,刀路 · 鑽模55度 168,Choi Sculptured Surface Machining / NURBS Book
04,169,F04_0169.jpg,治具 · 板式套裁 169,Boothroyd DFMA / Shingo SMED
04,170,F04_0170.jpg,包材 · 換線 170,ISTA 3A / ASTM D4169 / Flexner Finishing
04,171,F04_0171.jpg,四段工序 · 粉塵 171,Kalpakjian Manufacturing / Joyce Furniture Making
04,172,F04_0172.jpg,刀具 · VOC 172,Smid CNC Handbook / Machinery's Handbook
04,173,F04_0173.jpg,刀路 · 抽檢 173,Choi Sculptured Surface Machining / NURBS Book
04,174,F04_0174.jpg,治具 · 出廠攤治具 174,Boothroyd DFMA / Shingo SMED
04,175,F04_0175.jpg,包材 · 客訴回饋 175,ISTA 3A / ASTM D4169 / Flexner Finishing
04,176,F04_0176.jpg,四段工序 · 含水進料 176,Kalpakjian Manufacturing / Joyce Furniture Making
04,177,F04_0177.jpg,刀具 · 養料天數 177,Smid CNC Handbook / Machinery's Handbook
04,178,F04_0178.jpg,刀路 · 對色 178,Choi Sculptured Surface Machining / NURBS Book
04,179,F04_0179.jpg,治具 · OP1基準 179,Boothroyd DFMA / Shingo SMED
04,180,F04_0180.jpg,包材 · 真空吸盤 180,ISTA 3A / ASTM D4169 / Flexner Finishing
04,181,F04_0181.jpg,四段工序 · 陰模 181,Kalpakjian Manufacturing / Joyce Furniture Making
04,182,F04_0182.jpg,刀具 · sweep 182,Smid CNC Handbook / Machinery's Handbook
04,183,F04_0183.jpg,刀路 · 球刀 183,Choi Sculptured Surface Machining / NURBS Book
04,184,F04_0184.jpg,治具 · 清根 184,Boothroyd DFMA / Shingo SMED
04,185,F04_0185.jpg,包材 · 砂光工時 185,ISTA 3A / ASTM D4169 / Flexner Finishing
04,186,F04_0186.jpg,四段工序 · 硬質油 186,Kalpakjian Manufacturing / Joyce Furniture Making
04,187,F04_0187.jpg,刀具 · EN71-3 187,Smid CNC Handbook / Machinery's Handbook
04,188,F04_0188.jpg,刀路 · 導管填孔 188,Choi Sculptured Surface Machining / NURBS Book
04,189,F04_0189.jpg,治具 · 拆裝說明 189,Boothroyd DFMA / Shingo SMED
04,190,F04_0190.jpg,包材 · EPE厚度 190,ISTA 3A / ASTM D4169 / Flexner Finishing
04,191,F04_0191.jpg,四段工序 · 五軸±40 191,Kalpakjian Manufacturing / Joyce Furniture Making
04,192,F04_0192.jpg,刀具 · BACCI行程 192,Smid CNC Handbook / Machinery's Handbook
04,193,F04_0193.jpg,刀路 · 鑽模55度 193,Choi Sculptured Surface Machining / NURBS Book
04,194,F04_0194.jpg,治具 · 板式套裁 194,Boothroyd DFMA / Shingo SMED
04,195,F04_0195.jpg,包材 · 換線 195,ISTA 3A / ASTM D4169 / Flexner Finishing
04,196,F04_0196.jpg,四段工序 · 粉塵 196,Kalpakjian Manufacturing / Joyce Furniture Making
04,197,F04_0197.jpg,刀具 · VOC 197,Smid CNC Handbook / Machinery's Handbook
04,198,F04_0198.jpg,刀路 · 抽檢 198,Choi Sculptured Surface Machining / NURBS Book
04,199,F04_0199.jpg,治具 · 出廠攤治具 199,Boothroyd DFMA / Shingo SMED
04,200,F04_0200.jpg,包材 · 客訴回饋 200,ISTA 3A / ASTM D4169 / Flexner Finishing
04,201,F04_0201.jpg,四段工序 · 含水進料 201,Kalpakjian Manufacturing / Joyce Furniture Making
04,202,F04_0202.jpg,刀具 · 養料天數 202,Smid CNC Handbook / Machinery's Handbook
04,203,F04_0203.jpg,刀路 · 對色 203,Choi Sculptured Surface Machining / NURBS Book
04,204,F04_0204.jpg,治具 · OP1基準 204,Boothroyd DFMA / Shingo SMED
04,205,F04_0205.jpg,包材 · 真空吸盤 205,ISTA 3A / ASTM D4169 / Flexner Finishing
04,206,F04_0206.jpg,四段工序 · 陰模 206,Kalpakjian Manufacturing / Joyce Furniture Making
04,207,F04_0207.jpg,刀具 · sweep 207,Smid CNC Handbook / Machinery's Handbook
04,208,F04_0208.jpg,刀路 · 球刀 208,Choi Sculptured Surface Machining / NURBS Book
04,209,F04_0209.jpg,治具 · 清根 209,Boothroyd DFMA / Shingo SMED
04,210,F04_0210.jpg,包材 · 砂光工時 210,ISTA 3A / ASTM D4169 / Flexner Finishing
04,211,F04_0211.jpg,四段工序 · 硬質油 211,Kalpakjian Manufacturing / Joyce Furniture Making
04,212,F04_0212.jpg,刀具 · EN71-3 212,Smid CNC Handbook / Machinery's Handbook
04,213,F04_0213.jpg,刀路 · 導管填孔 213,Choi Sculptured Surface Machining / NURBS Book
04,214,F04_0214.jpg,治具 · 拆裝說明 214,Boothroyd DFMA / Shingo SMED
04,215,F04_0215.jpg,包材 · EPE厚度 215,ISTA 3A / ASTM D4169 / Flexner Finishing
04,216,F04_0216.jpg,四段工序 · 五軸±40 216,Kalpakjian Manufacturing / Joyce Furniture Making
04,217,F04_0217.jpg,刀具 · BACCI行程 217,Smid CNC Handbook / Machinery's Handbook
04,218,F04_0218.jpg,刀路 · 鑽模55度 218,Choi Sculptured Surface Machining / NURBS Book
04,219,F04_0219.jpg,治具 · 板式套裁 219,Boothroyd DFMA / Shingo SMED
04,220,F04_0220.jpg,包材 · 換線 220,ISTA 3A / ASTM D4169 / Flexner Finishing
04,221,F04_0221.jpg,四段工序 · 粉塵 221,Kalpakjian Manufacturing / Joyce Furniture Making
04,222,F04_0222.jpg,刀具 · VOC 222,Smid CNC Handbook / Machinery's Handbook
04,223,F04_0223.jpg,刀路 · 抽檢 223,Choi Sculptured Surface Machining / NURBS Book
04,224,F04_0224.jpg,治具 · 出廠攤治具 224,Boothroyd DFMA / Shingo SMED
04,225,F04_0225.jpg,包材 · 客訴回饋 225,ISTA 3A / ASTM D4169 / Flexner Finishing
04,226,F04_0226.jpg,四段工序 · 含水進料 226,Kalpakjian Manufacturing / Joyce Furniture Making
04,227,F04_0227.jpg,刀具 · 養料天數 227,Smid CNC Handbook / Machinery's Handbook
04,228,F04_0228.jpg,刀路 · 對色 228,Choi Sculptured Surface Machining / NURBS Book
04,229,F04_0229.jpg,治具 · OP1基準 229,Boothroyd DFMA / Shingo SMED
04,230,F04_0230.jpg,包材 · 真空吸盤 230,ISTA 3A / ASTM D4169 / Flexner Finishing
04,231,F04_0231.jpg,四段工序 · 陰模 231,Kalpakjian Manufacturing / Joyce Furniture Making
04,232,F04_0232.jpg,刀具 · sweep 232,Smid CNC Handbook / Machinery's Handbook
04,233,F04_0233.jpg,刀路 · 球刀 233,Choi Sculptured Surface Machining / NURBS Book
04,234,F04_0234.jpg,治具 · 清根 234,Boothroyd DFMA / Shingo SMED
04,235,F04_0235.jpg,包材 · 砂光工時 235,ISTA 3A / ASTM D4169 / Flexner Finishing
04,236,F04_0236.jpg,四段工序 · 硬質油 236,Kalpakjian Manufacturing / Joyce Furniture Making
04,237,F04_0237.jpg,刀具 · EN71-3 237,Smid CNC Handbook / Machinery's Handbook
04,238,F04_0238.jpg,刀路 · 導管填孔 238,Choi Sculptured Surface Machining / NURBS Book
04,239,F04_0239.jpg,治具 · 拆裝說明 239,Boothroyd DFMA / Shingo SMED
04,240,F04_0240.jpg,包材 · EPE厚度 240,ISTA 3A / ASTM D4169 / Flexner Finishing
04,241,F04_0241.jpg,四段工序 · 五軸±40 241,Kalpakjian Manufacturing / Joyce Furniture Making
04,242,F04_0242.jpg,刀具 · BACCI行程 242,Smid CNC Handbook / Machinery's Handbook
04,243,F04_0243.jpg,刀路 · 鑽模55度 243,Choi Sculptured Surface Machining / NURBS Book
04,244,F04_0244.jpg,治具 · 板式套裁 244,Boothroyd DFMA / Shingo SMED
04,245,F04_0245.jpg,包材 · 換線 245,ISTA 3A / ASTM D4169 / Flexner Finishing
04,246,F04_0246.jpg,四段工序 · 粉塵 246,Kalpakjian Manufacturing / Joyce Furniture Making
04,247,F04_0247.jpg,刀具 · VOC 247,Smid CNC Handbook / Machinery's Handbook
04,248,F04_0248.jpg,刀路 · 抽檢 248,Choi Sculptured Surface Machining / NURBS Book
04,249,F04_0249.jpg,治具 · 出廠攤治具 249,Boothroyd DFMA / Shingo SMED
04,250,F04_0250.jpg,包材 · 客訴回饋 250,ISTA 3A / ASTM D4169 / Flexner Finishing
04,251,F04_0251.jpg,四段工序 · 含水進料 251,Kalpakjian Manufacturing / Joyce Furniture Making
04,252,F04_0252.jpg,刀具 · 養料天數 252,Smid CNC Handbook / Machinery's Handbook
04,253,F04_0253.jpg,刀路 · 對色 253,Choi Sculptured Surface Machining / NURBS Book
04,254,F04_0254.jpg,治具 · OP1基準 254,Boothroyd DFMA / Shingo SMED
04,255,F04_0255.jpg,包材 · 真空吸盤 255,ISTA 3A / ASTM D4169 / Flexner Finishing
04,256,F04_0256.jpg,四段工序 · 陰模 256,Kalpakjian Manufacturing / Joyce Furniture Making
04,257,F04_0257.jpg,刀具 · sweep 257,Smid CNC Handbook / Machinery's Handbook
04,258,F04_0258.jpg,刀路 · 球刀 258,Choi Sculptured Surface Machining / NURBS Book
04,259,F04_0259.jpg,治具 · 清根 259,Boothroyd DFMA / Shingo SMED
04,260,F04_0260.jpg,包材 · 砂光工時 260,ISTA 3A / ASTM D4169 / Flexner Finishing
04,261,F04_0261.jpg,四段工序 · 硬質油 261,Kalpakjian Manufacturing / Joyce Furniture Making
04,262,F04_0262.jpg,刀具 · EN71-3 262,Smid CNC Handbook / Machinery's Handbook
04,263,F04_0263.jpg,刀路 · 導管填孔 263,Choi Sculptured Surface Machining / NURBS Book
04,264,F04_0264.jpg,治具 · 拆裝說明 264,Boothroyd DFMA / Shingo SMED
04,265,F04_0265.jpg,包材 · EPE厚度 265,ISTA 3A / ASTM D4169 / Flexner Finishing
04,266,F04_0266.jpg,四段工序 · 五軸±40 266,Kalpakjian Manufacturing / Joyce Furniture Making
04,267,F04_0267.jpg,刀具 · BACCI行程 267,Smid CNC Handbook / Machinery's Handbook
04,268,F04_0268.jpg,刀路 · 鑽模55度 268,Choi Sculptured Surface Machining / NURBS Book
04,269,F04_0269.jpg,治具 · 板式套裁 269,Boothroyd DFMA / Shingo SMED
04,270,F04_0270.jpg,包材 · 換線 270,ISTA 3A / ASTM D4169 / Flexner Finishing
04,271,F04_0271.jpg,四段工序 · 粉塵 271,Kalpakjian Manufacturing / Joyce Furniture Making
04,272,F04_0272.jpg,刀具 · VOC 272,Smid CNC Handbook / Machinery's Handbook
04,273,F04_0273.jpg,刀路 · 抽檢 273,Choi Sculptured Surface Machining / NURBS Book
04,274,F04_0274.jpg,治具 · 出廠攤治具 274,Boothroyd DFMA / Shingo SMED
04,275,F04_0275.jpg,包材 · 客訴回饋 275,ISTA 3A / ASTM D4169 / Flexner Finishing
04,276,F04_0276.jpg,四段工序 · 含水進料 276,Kalpakjian Manufacturing / Joyce Furniture Making
04,277,F04_0277.jpg,刀具 · 養料天數 277,Smid CNC Handbook / Machinery's Handbook
04,278,F04_0278.jpg,刀路 · 對色 278,Choi Sculptured Surface Machining / NURBS Book
04,279,F04_0279.jpg,治具 · OP1基準 279,Boothroyd DFMA / Shingo SMED
04,280,F04_0280.jpg,包材 · 真空吸盤 280,ISTA 3A / ASTM D4169 / Flexner Finishing
04,281,F04_0281.jpg,四段工序 · 陰模 281,Kalpakjian Manufacturing / Joyce Furniture Making
04,282,F04_0282.jpg,刀具 · sweep 282,Smid CNC Handbook / Machinery's Handbook
04,283,F04_0283.jpg,刀路 · 球刀 283,Choi Sculptured Surface Machining / NURBS Book
04,284,F04_0284.jpg,治具 · 清根 284,Boothroyd DFMA / Shingo SMED
04,285,F04_0285.jpg,包材 · 砂光工時 285,ISTA 3A / ASTM D4169 / Flexner Finishing
04,286,F04_0286.jpg,四段工序 · 硬質油 286,Kalpakjian Manufacturing / Joyce Furniture Making
04,287,F04_0287.jpg,刀具 · EN71-3 287,Smid CNC Handbook / Machinery's Handbook
04,288,F04_0288.jpg,刀路 · 導管填孔 288,Choi Sculptured Surface Machining / NURBS Book
04,289,F04_0289.jpg,治具 · 拆裝說明 289,Boothroyd DFMA / Shingo SMED
04,290,F04_0290.jpg,包材 · EPE厚度 290,ISTA 3A / ASTM D4169 / Flexner Finishing
04,291,F04_0291.jpg,四段工序 · 五軸±40 291,Kalpakjian Manufacturing / Joyce Furniture Making
04,292,F04_0292.jpg,刀具 · BACCI行程 292,Smid CNC Handbook / Machinery's Handbook
04,293,F04_0293.jpg,刀路 · 鑽模55度 293,Choi Sculptured Surface Machining / NURBS Book
04,294,F04_0294.jpg,治具 · 板式套裁 294,Boothroyd DFMA / Shingo SMED
04,295,F04_0295.jpg,包材 · 換線 295,ISTA 3A / ASTM D4169 / Flexner Finishing
04,296,F04_0296.jpg,四段工序 · 粉塵 296,Kalpakjian Manufacturing / Joyce Furniture Making
04,297,F04_0297.jpg,刀具 · VOC 297,Smid CNC Handbook / Machinery's Handbook
04,298,F04_0298.jpg,刀路 · 抽檢 298,Choi Sculptured Surface Machining / NURBS Book
04,299,F04_0299.jpg,治具 · 出廠攤治具 299,Boothroyd DFMA / Shingo SMED
04,300,F04_0300.jpg,包材 · 客訴回饋 300,ISTA 3A / ASTM D4169 / Flexner Finishing
04,301,F04_0301.jpg,四段工序 · 含水進料 301,Kalpakjian Manufacturing / Joyce Furniture Making
04,302,F04_0302.jpg,刀具 · 養料天數 302,Smid CNC Handbook / Machinery's Handbook
04,303,F04_0303.jpg,刀路 · 對色 303,Choi Sculptured Surface Machining / NURBS Book
04,304,F04_0304.jpg,治具 · OP1基準 304,Boothroyd DFMA / Shingo SMED
04,305,F04_0305.jpg,包材 · 真空吸盤 305,ISTA 3A / ASTM D4169 / Flexner Finishing
04,306,F04_0306.jpg,四段工序 · 陰模 306,Kalpakjian Manufacturing / Joyce Furniture Making
04,307,F04_0307.jpg,刀具 · sweep 307,Smid CNC Handbook / Machinery's Handbook
04,308,F04_0308.jpg,刀路 · 球刀 308,Choi Sculptured Surface Machining / NURBS Book
04,309,F04_0309.jpg,治具 · 清根 309,Boothroyd DFMA / Shingo SMED
04,310,F04_0310.jpg,包材 · 砂光工時 310,ISTA 3A / ASTM D4169 / Flexner Finishing
04,311,F04_0311.jpg,四段工序 · 硬質油 311,Kalpakjian Manufacturing / Joyce Furniture Making
04,312,F04_0312.jpg,刀具 · EN71-3 312,Smid CNC Handbook / Machinery's Handbook
04,313,F04_0313.jpg,刀路 · 導管填孔 313,Choi Sculptured Surface Machining / NURBS Book
04,314,F04_0314.jpg,治具 · 拆裝說明 314,Boothroyd DFMA / Shingo SMED
04,315,F04_0315.jpg,包材 · EPE厚度 315,ISTA 3A / ASTM D4169 / Flexner Finishing
04,316,F04_0316.jpg,四段工序 · 五軸±40 316,Kalpakjian Manufacturing / Joyce Furniture Making
04,317,F04_0317.jpg,刀具 · BACCI行程 317,Smid CNC Handbook / Machinery's Handbook
04,318,F04_0318.jpg,刀路 · 鑽模55度 318,Choi Sculptured Surface Machining / NURBS Book
04,319,F04_0319.jpg,治具 · 板式套裁 319,Boothroyd DFMA / Shingo SMED
04,320,F04_0320.jpg,包材 · 換線 320,ISTA 3A / ASTM D4169 / Flexner Finishing
04,321,F04_0321.jpg,四段工序 · 粉塵 321,Kalpakjian Manufacturing / Joyce Furniture Making
04,322,F04_0322.jpg,刀具 · VOC 322,Smid CNC Handbook / Machinery's Handbook
04,323,F04_0323.jpg,刀路 · 抽檢 323,Choi Sculptured Surface Machining / NURBS Book
04,324,F04_0324.jpg,治具 · 出廠攤治具 324,Boothroyd DFMA / Shingo SMED
04,325,F04_0325.jpg,包材 · 客訴回饋 325,ISTA 3A / ASTM D4169 / Flexner Finishing
04,326,F04_0326.jpg,四段工序 · 含水進料 326,Kalpakjian Manufacturing / Joyce Furniture Making
04,327,F04_0327.jpg,刀具 · 養料天數 327,Smid CNC Handbook / Machinery's Handbook
04,328,F04_0328.jpg,刀路 · 對色 328,Choi Sculptured Surface Machining / NURBS Book
04,329,F04_0329.jpg,治具 · OP1基準 329,Boothroyd DFMA / Shingo SMED
04,330,F04_0330.jpg,包材 · 真空吸盤 330,ISTA 3A / ASTM D4169 / Flexner Finishing
