id,file,title,teaches,foundation,family
F03-0001,F03_0001.jpg,年輪與受力 · 白橡導管 01,力順著紋走，橫紋是弱向。 白橡導管,Hoadley Understanding Wood / FPL Wood Handbook,rings
F03-0002,F03_0002.jpg,含水率 · 橡膠木均質 02,8-12% 對應室內平衡含水，不是隨便寫。 橡膠木均質,Hoadley Understanding Wood / FPL Wood Handbook,mc
F03-0003,F03_0003.jpg,接合面積 · 松木20mm 03,膠線與榫肩才是節點，釘子只是夾緊。 松木20mm,Eckelman Furniture Strength / Rogowski Joinery,joint
F03-0004,F03_0004.jpg,力流 · 山毛櫸移動 04,進、出、最窄。斷在最窄。 山毛櫸移動,Hibbeler Mechanics of Materials / Gordon Structures,load
F03-0005,F03_0005.jpg,試驗次數 · 胡桃色重 05,家具有自己的循環，不是大樓規範。 胡桃色重,EN 1728 / BIFMA X5.1 / Eckelman,test
F03-0006,F03_0006.jpg,年輪與受力 · 端紋封油 06,力順著紋走，橫紋是弱向。 端紋封油,Hoadley Understanding Wood / FPL Wood Handbook,rings
F03-0007,F03_0007.jpg,含水率 · 徑切 vs 弦切 07,8-12% 對應室內平衡含水，不是隨便寫。 徑切 vs 弦切,Hoadley Understanding Wood / FPL Wood Handbook,mc
F03-0008,F03_0008.jpg,接合面積 · 節疤避開受拉 08,膠線與榫肩才是節點，釘子只是夾緊。 節疤避開受拉,Eckelman Furniture Strength / Rogowski Joinery,joint
F03-0009,F03_0009.jpg,力流 · 層積順紋 09,進、出、最窄。斷在最窄。 層積順紋,Hibbeler Mechanics of Materials / Gordon Structures,load
F03-0010,F03_0010.jpg,試驗次數 · 指接接頭 10,家具有自己的循環，不是大樓規範。 指接接頭,EN 1728 / BIFMA X5.1 / Eckelman,test
F03-0011,F03_0011.jpg,年輪與受力 · 圓榫 H7 11,力順著紋走，橫紋是弱向。 圓榫 H7,Hoadley Understanding Wood / FPL Wood Handbook,rings
F03-0012,F03_0012.jpg,含水率 · Domino 12,8-12% 對應室內平衡含水，不是隨便寫。 Domino,Hoadley Understanding Wood / FPL Wood Handbook,mc
F03-0013,F03_0013.jpg,接合面積 · 螺紋牙對橫紋 13,膠線與榫肩才是節點，釘子只是夾緊。 螺紋牙對橫紋,Eckelman Furniture Strength / Rogowski Joinery,joint
F03-0014,F03_0014.jpg,力流 · 軸承鎖 14,進、出、最窄。斷在最窄。 軸承鎖,Hibbeler Mechanics of Materials / Gordon Structures,load
F03-0015,F03_0015.jpg,試驗次數 · 牆扣路徑 15,家具有自己的循環，不是大樓規範。 牆扣路徑,EN 1728 / BIFMA X5.1 / Eckelman,test
F03-0016,F03_0016.jpg,年輪與受力 · 前舌不懸臂 16,力順著紋走，橫紋是弱向。 前舌不懸臂,Hoadley Understanding Wood / FPL Wood Handbook,rings
F03-0017,F03_0017.jpg,含水率 · 花座傾覆 17,8-12% 對應室內平衡含水，不是隨便寫。 花座傾覆,Hoadley Understanding Wood / FPL Wood Handbook,mc
F03-0018,F03_0018.jpg,接合面積 · 抽板偏載 18,膠線與榫肩才是節點，釘子只是夾緊。 抽板偏載,Eckelman Furniture Strength / Rogowski Joinery,joint
F03-0019,F03_0019.jpg,力流 · 盆底32 19,進、出、最窄。斷在最窄。 盆底32,Hibbeler Mechanics of Materials / Gordon Structures,load
F03-0020,F03_0020.jpg,試驗次數 · 扶手根45 20,家具有自己的循環，不是大樓規範。 扶手根45,EN 1728 / BIFMA X5.1 / Eckelman,test
F03-0021,F03_0021.jpg,年輪與受力 · 白橡導管 21,力順著紋走，橫紋是弱向。 白橡導管,Hoadley Understanding Wood / FPL Wood Handbook,rings
F03-0022,F03_0022.jpg,含水率 · 橡膠木均質 22,8-12% 對應室內平衡含水，不是隨便寫。 橡膠木均質,Hoadley Understanding Wood / FPL Wood Handbook,mc
F03-0023,F03_0023.jpg,接合面積 · 松木20mm 23,膠線與榫肩才是節點，釘子只是夾緊。 松木20mm,Eckelman Furniture Strength / Rogowski Joinery,joint
F03-0024,F03_0024.jpg,力流 · 山毛櫸移動 24,進、出、最窄。斷在最窄。 山毛櫸移動,Hibbeler Mechanics of Materials / Gordon Structures,load
F03-0025,F03_0025.jpg,試驗次數 · 胡桃色重 25,家具有自己的循環，不是大樓規範。 胡桃色重,EN 1728 / BIFMA X5.1 / Eckelman,test
F03-0026,F03_0026.jpg,年輪與受力 · 端紋封油 26,力順著紋走，橫紋是弱向。 端紋封油,Hoadley Understanding Wood / FPL Wood Handbook,rings
F03-0027,F03_0027.jpg,含水率 · 徑切 vs 弦切 27,8-12% 對應室內平衡含水，不是隨便寫。 徑切 vs 弦切,Hoadley Understanding Wood / FPL Wood Handbook,mc
F03-0028,F03_0028.jpg,接合面積 · 節疤避開受拉 28,膠線與榫肩才是節點，釘子只是夾緊。 節疤避開受拉,Eckelman Furniture Strength / Rogowski Joinery,joint
F03-0029,F03_0029.jpg,力流 · 層積順紋 29,進、出、最窄。斷在最窄。 層積順紋,Hibbeler Mechanics of Materials / Gordon Structures,load
F03-0030,F03_0030.jpg,試驗次數 · 指接接頭 30,家具有自己的循環，不是大樓規範。 指接接頭,EN 1728 / BIFMA X5.1 / Eckelman,test
F03-0031,F03_0031.jpg,年輪與受力 · 圓榫 H7 31,力順著紋走，橫紋是弱向。 圓榫 H7,Hoadley Understanding Wood / FPL Wood Handbook,rings
F03-0032,F03_0032.jpg,含水率 · Domino 32,8-12% 對應室內平衡含水，不是隨便寫。 Domino,Hoadley Understanding Wood / FPL Wood Handbook,mc
F03-0033,F03_0033.jpg,接合面積 · 螺紋牙對橫紋 33,膠線與榫肩才是節點，釘子只是夾緊。 螺紋牙對橫紋,Eckelman Furniture Strength / Rogowski Joinery,joint
F03-0034,F03_0034.jpg,力流 · 軸承鎖 34,進、出、最窄。斷在最窄。 軸承鎖,Hibbeler Mechanics of Materials / Gordon Structures,load
F03-0035,F03_0035.jpg,試驗次數 · 牆扣路徑 35,家具有自己的循環，不是大樓規範。 牆扣路徑,EN 1728 / BIFMA X5.1 / Eckelman,test
F03-0036,F03_0036.jpg,年輪與受力 · 前舌不懸臂 36,力順著紋走，橫紋是弱向。 前舌不懸臂,Hoadley Understanding Wood / FPL Wood Handbook,rings
F03-0037,F03_0037.jpg,含水率 · 花座傾覆 37,8-12% 對應室內平衡含水，不是隨便寫。 花座傾覆,Hoadley Understanding Wood / FPL Wood Handbook,mc
F03-0038,F03_0038.jpg,接合面積 · 抽板偏載 38,膠線與榫肩才是節點，釘子只是夾緊。 抽板偏載,Eckelman Furniture Strength / Rogowski Joinery,joint
F03-0039,F03_0039.jpg,力流 · 盆底32 39,進、出、最窄。斷在最窄。 盆底32,Hibbeler Mechanics of Materials / Gordon Structures,load
F03-0040,F03_0040.jpg,試驗次數 · 扶手根45 40,家具有自己的循環，不是大樓規範。 扶手根45,EN 1728 / BIFMA X5.1 / Eckelman,test
F03-0041,F03_0041.jpg,年輪與受力 · 白橡導管 41,力順著紋走，橫紋是弱向。 白橡導管,Hoadley Understanding Wood / FPL Wood Handbook,rings
F03-0042,F03_0042.jpg,含水率 · 橡膠木均質 42,8-12% 對應室內平衡含水，不是隨便寫。 橡膠木均質,Hoadley Understanding Wood / FPL Wood Handbook,mc
F03-0043,F03_0043.jpg,接合面積 · 松木20mm 43,膠線與榫肩才是節點，釘子只是夾緊。 松木20mm,Eckelman Furniture Strength / Rogowski Joinery,joint
F03-0044,F03_0044.jpg,力流 · 山毛櫸移動 44,進、出、最窄。斷在最窄。 山毛櫸移動,Hibbeler Mechanics of Materials / Gordon Structures,load
F03-0045,F03_0045.jpg,試驗次數 · 胡桃色重 45,家具有自己的循環，不是大樓規範。 胡桃色重,EN 1728 / BIFMA X5.1 / Eckelman,test
F03-0046,F03_0046.jpg,年輪與受力 · 端紋封油 46,力順著紋走，橫紋是弱向。 端紋封油,Hoadley Understanding Wood / FPL Wood Handbook,rings
F03-0047,F03_0047.jpg,含水率 · 徑切 vs 弦切 47,8-12% 對應室內平衡含水，不是隨便寫。 徑切 vs 弦切,Hoadley Understanding Wood / FPL Wood Handbook,mc
F03-0048,F03_0048.jpg,接合面積 · 節疤避開受拉 48,膠線與榫肩才是節點，釘子只是夾緊。 節疤避開受拉,Eckelman Furniture Strength / Rogowski Joinery,joint
F03-0049,F03_0049.jpg,力流 · 層積順紋 49,進、出、最窄。斷在最窄。 層積順紋,Hibbeler Mechanics of Materials / Gordon Structures,load
F03-0050,F03_0050.jpg,試驗次數 · 指接接頭 50,家具有自己的循環，不是大樓規範。 指接接頭,EN 1728 / BIFMA X5.1 / Eckelman,test
F03-0051,F03_0051.jpg,年輪與受力 · 圓榫 H7 51,力順著紋走，橫紋是弱向。 圓榫 H7,Hoadley Understanding Wood / FPL Wood Handbook,rings
F03-0052,F03_0052.jpg,含水率 · Domino 52,8-12% 對應室內平衡含水，不是隨便寫。 Domino,Hoadley Understanding Wood / FPL Wood Handbook,mc
F03-0053,F03_0053.jpg,接合面積 · 螺紋牙對橫紋 53,膠線與榫肩才是節點，釘子只是夾緊。 螺紋牙對橫紋,Eckelman Furniture Strength / Rogowski Joinery,joint
F03-0054,F03_0054.jpg,力流 · 軸承鎖 54,進、出、最窄。斷在最窄。 軸承鎖,Hibbeler Mechanics of Materials / Gordon Structures,load
F03-0055,F03_0055.jpg,試驗次數 · 牆扣路徑 55,家具有自己的循環，不是大樓規範。 牆扣路徑,EN 1728 / BIFMA X5.1 / Eckelman,test
F03-0056,F03_0056.jpg,年輪與受力 · 前舌不懸臂 56,力順著紋走，橫紋是弱向。 前舌不懸臂,Hoadley Understanding Wood / FPL Wood Handbook,rings
F03-0057,F03_0057.jpg,含水率 · 花座傾覆 57,8-12% 對應室內平衡含水，不是隨便寫。 花座傾覆,Hoadley Understanding Wood / FPL Wood Handbook,mc
F03-0058,F03_0058.jpg,接合面積 · 抽板偏載 58,膠線與榫肩才是節點，釘子只是夾緊。 抽板偏載,Eckelman Furniture Strength / Rogowski Joinery,joint
F03-0059,F03_0059.jpg,力流 · 盆底32 59,進、出、最窄。斷在最窄。 盆底32,Hibbeler Mechanics of Materials / Gordon Structures,load
F03-0060,F03_0060.jpg,試驗次數 · 扶手根45 60,家具有自己的循環，不是大樓規範。 扶手根45,EN 1728 / BIFMA X5.1 / Eckelman,test
F03-0061,F03_0061.jpg,年輪與受力 · 白橡導管 61,力順著紋走，橫紋是弱向。 白橡導管,Hoadley Understanding Wood / FPL Wood Handbook,rings
F03-0062,F03_0062.jpg,含水率 · 橡膠木均質 62,8-12% 對應室內平衡含水，不是隨便寫。 橡膠木均質,Hoadley Understanding Wood / FPL Wood Handbook,mc
F03-0063,F03_0063.jpg,接合面積 · 松木20mm 63,膠線與榫肩才是節點，釘子只是夾緊。 松木20mm,Eckelman Furniture Strength / Rogowski Joinery,joint
F03-0064,F03_0064.jpg,力流 · 山毛櫸移動 64,進、出、最窄。斷在最窄。 山毛櫸移動,Hibbeler Mechanics of Materials / Gordon Structures,load
F03-0065,F03_0065.jpg,試驗次數 · 胡桃色重 65,家具有自己的循環，不是大樓規範。 胡桃色重,EN 1728 / BIFMA X5.1 / Eckelman,test
F03-0066,F03_0066.jpg,年輪與受力 · 端紋封油 66,力順著紋走，橫紋是弱向。 端紋封油,Hoadley Understanding Wood / FPL Wood Handbook,rings
F03-0067,F03_0067.jpg,含水率 · 徑切 vs 弦切 67,8-12% 對應室內平衡含水，不是隨便寫。 徑切 vs 弦切,Hoadley Understanding Wood / FPL Wood Handbook,mc
F03-0068,F03_0068.jpg,接合面積 · 節疤避開受拉 68,膠線與榫肩才是節點，釘子只是夾緊。 節疤避開受拉,Eckelman Furniture Strength / Rogowski Joinery,joint
F03-0069,F03_0069.jpg,力流 · 層積順紋 69,進、出、最窄。斷在最窄。 層積順紋,Hibbeler Mechanics of Materials / Gordon Structures,load
F03-0070,F03_0070.jpg,試驗次數 · 指接接頭 70,家具有自己的循環，不是大樓規範。 指接接頭,EN 1728 / BIFMA X5.1 / Eckelman,test
F03-0071,F03_0071.jpg,年輪與受力 · 圓榫 H7 71,力順著紋走，橫紋是弱向。 圓榫 H7,Hoadley Understanding Wood / FPL Wood Handbook,rings
F03-0072,F03_0072.jpg,含水率 · Domino 72,8-12% 對應室內平衡含水，不是隨便寫。 Domino,Hoadley Understanding Wood / FPL Wood Handbook,mc
F03-0073,F03_0073.jpg,接合面積 · 螺紋牙對橫紋 73,膠線與榫肩才是節點，釘子只是夾緊。 螺紋牙對橫紋,Eckelman Furniture Strength / Rogowski Joinery,joint
F03-0074,F03_0074.jpg,力流 · 軸承鎖 74,進、出、最窄。斷在最窄。 軸承鎖,Hibbeler Mechanics of Materials / Gordon Structures,load
F03-0075,F03_0075.jpg,試驗次數 · 牆扣路徑 75,家具有自己的循環，不是大樓規範。 牆扣路徑,EN 1728 / BIFMA X5.1 / Eckelman,test
F03-0076,F03_0076.jpg,年輪與受力 · 前舌不懸臂 76,力順著紋走，橫紋是弱向。 前舌不懸臂,Hoadley Understanding Wood / FPL Wood Handbook,rings
F03-0077,F03_0077.jpg,含水率 · 花座傾覆 77,8-12% 對應室內平衡含水，不是隨便寫。 花座傾覆,Hoadley Understanding Wood / FPL Wood Handbook,mc
F03-0078,F03_0078.jpg,接合面積 · 抽板偏載 78,膠線與榫肩才是節點，釘子只是夾緊。 抽板偏載,Eckelman Furniture Strength / Rogowski Joinery,joint
F03-0079,F03_0079.jpg,力流 · 盆底32 79,進、出、最窄。斷在最窄。 盆底32,Hibbeler Mechanics of Materials / Gordon Structures,load
F03-0080,F03_0080.jpg,試驗次數 · 扶手根45 80,家具有自己的循環，不是大樓規範。 扶手根45,EN 1728 / BIFMA X5.1 / Eckelman,test
F03-0081,F03_0081.jpg,年輪與受力 · 白橡導管 81,力順著紋走，橫紋是弱向。 白橡導管,Hoadley Understanding Wood / FPL Wood Handbook,rings
F03-0082,F03_0082.jpg,含水率 · 橡膠木均質 82,8-12% 對應室內平衡含水，不是隨便寫。 橡膠木均質,Hoadley Understanding Wood / FPL Wood Handbook,mc
F03-0083,F03_0083.jpg,接合面積 · 松木20mm 83,膠線與榫肩才是節點，釘子只是夾緊。 松木20mm,Eckelman Furniture Strength / Rogowski Joinery,joint
F03-0084,F03_0084.jpg,力流 · 山毛櫸移動 84,進、出、最窄。斷在最窄。 山毛櫸移動,Hibbeler Mechanics of Materials / Gordon Structures,load
F03-0085,F03_0085.jpg,試驗次數 · 胡桃色重 85,家具有自己的循環，不是大樓規範。 胡桃色重,EN 1728 / BIFMA X5.1 / Eckelman,test
F03-0086,F03_0086.jpg,年輪與受力 · 端紋封油 86,力順著紋走，橫紋是弱向。 端紋封油,Hoadley Understanding Wood / FPL Wood Handbook,rings
F03-0087,F03_0087.jpg,含水率 · 徑切 vs 弦切 87,8-12% 對應室內平衡含水，不是隨便寫。 徑切 vs 弦切,Hoadley Understanding Wood / FPL Wood Handbook,mc
F03-0088,F03_0088.jpg,接合面積 · 節疤避開受拉 88,膠線與榫肩才是節點，釘子只是夾緊。 節疤避開受拉,Eckelman Furniture Strength / Rogowski Joinery,joint
F03-0089,F03_0089.jpg,力流 · 層積順紋 89,進、出、最窄。斷在最窄。 層積順紋,Hibbeler Mechanics of Materials / Gordon Structures,load
F03-0090,F03_0090.jpg,試驗次數 · 指接接頭 90,家具有自己的循環，不是大樓規範。 指接接頭,EN 1728 / BIFMA X5.1 / Eckelman,test
F03-0091,F03_0091.jpg,年輪與受力 · 圓榫 H7 91,力順著紋走，橫紋是弱向。 圓榫 H7,Hoadley Understanding Wood / FPL Wood Handbook,rings
F03-0092,F03_0092.jpg,含水率 · Domino 92,8-12% 對應室內平衡含水，不是隨便寫。 Domino,Hoadley Understanding Wood / FPL Wood Handbook,mc
F03-0093,F03_0093.jpg,接合面積 · 螺紋牙對橫紋 93,膠線與榫肩才是節點，釘子只是夾緊。 螺紋牙對橫紋,Eckelman Furniture Strength / Rogowski Joinery,joint
F03-0094,F03_0094.jpg,力流 · 軸承鎖 94,進、出、最窄。斷在最窄。 軸承鎖,Hibbeler Mechanics of Materials / Gordon Structures,load
F03-0095,F03_0095.jpg,試驗次數 · 牆扣路徑 95,家具有自己的循環，不是大樓規範。 牆扣路徑,EN 1728 / BIFMA X5.1 / Eckelman,test
F03-0096,F03_0096.jpg,年輪與受力 · 前舌不懸臂 96,力順著紋走，橫紋是弱向。 前舌不懸臂,Hoadley Understanding Wood / FPL Wood Handbook,rings
F03-0097,F03_0097.jpg,含水率 · 花座傾覆 97,8-12% 對應室內平衡含水，不是隨便寫。 花座傾覆,Hoadley Understanding Wood / FPL Wood Handbook,mc
F03-0098,F03_0098.jpg,接合面積 · 抽板偏載 98,膠線與榫肩才是節點，釘子只是夾緊。 抽板偏載,Eckelman Furniture Strength / Rogowski Joinery,joint
F03-0099,F03_0099.jpg,力流 · 盆底32 99,進、出、最窄。斷在最窄。 盆底32,Hibbeler Mechanics of Materials / Gordon Structures,load
F03-0100,F03_0100.jpg,試驗次數 · 扶手根45 100,家具有自己的循環，不是大樓規範。 扶手根45,EN 1728 / BIFMA X5.1 / Eckelman,test
F03-0101,F03_0101.jpg,年輪與受力 · 白橡導管 101,力順著紋走，橫紋是弱向。 白橡導管,Hoadley Understanding Wood / FPL Wood Handbook,rings
F03-0102,F03_0102.jpg,含水率 · 橡膠木均質 102,8-12% 對應室內平衡含水，不是隨便寫。 橡膠木均質,Hoadley Understanding Wood / FPL Wood Handbook,mc
F03-0103,F03_0103.jpg,接合面積 · 松木20mm 103,膠線與榫肩才是節點，釘子只是夾緊。 松木20mm,Eckelman Furniture Strength / Rogowski Joinery,joint
F03-0104,F03_0104.jpg,力流 · 山毛櫸移動 104,進、出、最窄。斷在最窄。 山毛櫸移動,Hibbeler Mechanics of Materials / Gordon Structures,load
F03-0105,F03_0105.jpg,試驗次數 · 胡桃色重 105,家具有自己的循環，不是大樓規範。 胡桃色重,EN 1728 / BIFMA X5.1 / Eckelman,test
F03-0106,F03_0106.jpg,年輪與受力 · 端紋封油 106,力順著紋走，橫紋是弱向。 端紋封油,Hoadley Understanding Wood / FPL Wood Handbook,rings
F03-0107,F03_0107.jpg,含水率 · 徑切 vs 弦切 107,8-12% 對應室內平衡含水，不是隨便寫。 徑切 vs 弦切,Hoadley Understanding Wood / FPL Wood Handbook,mc
F03-0108,F03_0108.jpg,接合面積 · 節疤避開受拉 108,膠線與榫肩才是節點，釘子只是夾緊。 節疤避開受拉,Eckelman Furniture Strength / Rogowski Joinery,joint
F03-0109,F03_0109.jpg,力流 · 層積順紋 109,進、出、最窄。斷在最窄。 層積順紋,Hibbeler Mechanics of Materials / Gordon Structures,load
F03-0110,F03_0110.jpg,試驗次數 · 指接接頭 110,家具有自己的循環，不是大樓規範。 指接接頭,EN 1728 / BIFMA X5.1 / Eckelman,test
F03-0111,F03_0111.jpg,年輪與受力 · 圓榫 H7 111,力順著紋走，橫紋是弱向。 圓榫 H7,Hoadley Understanding Wood / FPL Wood Handbook,rings
F03-0112,F03_0112.jpg,含水率 · Domino 112,8-12% 對應室內平衡含水，不是隨便寫。 Domino,Hoadley Understanding Wood / FPL Wood Handbook,mc
F03-0113,F03_0113.jpg,接合面積 · 螺紋牙對橫紋 113,膠線與榫肩才是節點，釘子只是夾緊。 螺紋牙對橫紋,Eckelman Furniture Strength / Rogowski Joinery,joint
F03-0114,F03_0114.jpg,力流 · 軸承鎖 114,進、出、最窄。斷在最窄。 軸承鎖,Hibbeler Mechanics of Materials / Gordon Structures,load
F03-0115,F03_0115.jpg,試驗次數 · 牆扣路徑 115,家具有自己的循環，不是大樓規範。 牆扣路徑,EN 1728 / BIFMA X5.1 / Eckelman,test
F03-0116,F03_0116.jpg,年輪與受力 · 前舌不懸臂 116,力順著紋走，橫紋是弱向。 前舌不懸臂,Hoadley Understanding Wood / FPL Wood Handbook,rings
F03-0117,F03_0117.jpg,含水率 · 花座傾覆 117,8-12% 對應室內平衡含水，不是隨便寫。 花座傾覆,Hoadley Understanding Wood / FPL Wood Handbook,mc
F03-0118,F03_0118.jpg,接合面積 · 抽板偏載 118,膠線與榫肩才是節點，釘子只是夾緊。 抽板偏載,Eckelman Furniture Strength / Rogowski Joinery,joint
F03-0119,F03_0119.jpg,力流 · 盆底32 119,進、出、最窄。斷在最窄。 盆底32,Hibbeler Mechanics of Materials / Gordon Structures,load
F03-0120,F03_0120.jpg,試驗次數 · 扶手根45 120,家具有自己的循環，不是大樓規範。 扶手根45,EN 1728 / BIFMA X5.1 / Eckelman,test
F03-0121,F03_0121.jpg,年輪與受力 · 白橡導管 121,力順著紋走，橫紋是弱向。 白橡導管,Hoadley Understanding Wood / FPL Wood Handbook,rings
F03-0122,F03_0122.jpg,含水率 · 橡膠木均質 122,8-12% 對應室內平衡含水，不是隨便寫。 橡膠木均質,Hoadley Understanding Wood / FPL Wood Handbook,mc
F03-0123,F03_0123.jpg,接合面積 · 松木20mm 123,膠線與榫肩才是節點，釘子只是夾緊。 松木20mm,Eckelman Furniture Strength / Rogowski Joinery,joint
F03-0124,F03_0124.jpg,力流 · 山毛櫸移動 124,進、出、最窄。斷在最窄。 山毛櫸移動,Hibbeler Mechanics of Materials / Gordon Structures,load
F03-0125,F03_0125.jpg,試驗次數 · 胡桃色重 125,家具有自己的循環，不是大樓規範。 胡桃色重,EN 1728 / BIFMA X5.1 / Eckelman,test
F03-0126,F03_0126.jpg,年輪與受力 · 端紋封油 126,力順著紋走，橫紋是弱向。 端紋封油,Hoadley Understanding Wood / FPL Wood Handbook,rings
F03-0127,F03_0127.jpg,含水率 · 徑切 vs 弦切 127,8-12% 對應室內平衡含水，不是隨便寫。 徑切 vs 弦切,Hoadley Understanding Wood / FPL Wood Handbook,mc
F03-0128,F03_0128.jpg,接合面積 · 節疤避開受拉 128,膠線與榫肩才是節點，釘子只是夾緊。 節疤避開受拉,Eckelman Furniture Strength / Rogowski Joinery,joint
F03-0129,F03_0129.jpg,力流 · 層積順紋 129,進、出、最窄。斷在最窄。 層積順紋,Hibbeler Mechanics of Materials / Gordon Structures,load
F03-0130,F03_0130.jpg,試驗次數 · 指接接頭 130,家具有自己的循環，不是大樓規範。 指接接頭,EN 1728 / BIFMA X5.1 / Eckelman,test
F03-0131,F03_0131.jpg,年輪與受力 · 圓榫 H7 131,力順著紋走，橫紋是弱向。 圓榫 H7,Hoadley Understanding Wood / FPL Wood Handbook,rings
F03-0132,F03_0132.jpg,含水率 · Domino 132,8-12% 對應室內平衡含水，不是隨便寫。 Domino,Hoadley Understanding Wood / FPL Wood Handbook,mc
F03-0133,F03_0133.jpg,接合面積 · 螺紋牙對橫紋 133,膠線與榫肩才是節點，釘子只是夾緊。 螺紋牙對橫紋,Eckelman Furniture Strength / Rogowski Joinery,joint
F03-0134,F03_0134.jpg,力流 · 軸承鎖 134,進、出、最窄。斷在最窄。 軸承鎖,Hibbeler Mechanics of Materials / Gordon Structures,load
F03-0135,F03_0135.jpg,試驗次數 · 牆扣路徑 135,家具有自己的循環，不是大樓規範。 牆扣路徑,EN 1728 / BIFMA X5.1 / Eckelman,test
F03-0136,F03_0136.jpg,年輪與受力 · 前舌不懸臂 136,力順著紋走，橫紋是弱向。 前舌不懸臂,Hoadley Understanding Wood / FPL Wood Handbook,rings
F03-0137,F03_0137.jpg,含水率 · 花座傾覆 137,8-12% 對應室內平衡含水，不是隨便寫。 花座傾覆,Hoadley Understanding Wood / FPL Wood Handbook,mc
F03-0138,F03_0138.jpg,接合面積 · 抽板偏載 138,膠線與榫肩才是節點，釘子只是夾緊。 抽板偏載,Eckelman Furniture Strength / Rogowski Joinery,joint
F03-0139,F03_0139.jpg,力流 · 盆底32 139,進、出、最窄。斷在最窄。 盆底32,Hibbeler Mechanics of Materials / Gordon Structures,load
F03-0140,F03_0140.jpg,試驗次數 · 扶手根45 140,家具有自己的循環，不是大樓規範。 扶手根45,EN 1728 / BIFMA X5.1 / Eckelman,test
F03-0141,F03_0141.jpg,年輪與受力 · 白橡導管 141,力順著紋走，橫紋是弱向。 白橡導管,Hoadley Understanding Wood / FPL Wood Handbook,rings
F03-0142,F03_0142.jpg,含水率 · 橡膠木均質 142,8-12% 對應室內平衡含水，不是隨便寫。 橡膠木均質,Hoadley Understanding Wood / FPL Wood Handbook,mc
F03-0143,F03_0143.jpg,接合面積 · 松木20mm 143,膠線與榫肩才是節點，釘子只是夾緊。 松木20mm,Eckelman Furniture Strength / Rogowski Joinery,joint
F03-0144,F03_0144.jpg,力流 · 山毛櫸移動 144,進、出、最窄。斷在最窄。 山毛櫸移動,Hibbeler Mechanics of Materials / Gordon Structures,load
F03-0145,F03_0145.jpg,試驗次數 · 胡桃色重 145,家具有自己的循環，不是大樓規範。 胡桃色重,EN 1728 / BIFMA X5.1 / Eckelman,test
F03-0146,F03_0146.jpg,年輪與受力 · 端紋封油 146,力順著紋走，橫紋是弱向。 端紋封油,Hoadley Understanding Wood / FPL Wood Handbook,rings
F03-0147,F03_0147.jpg,含水率 · 徑切 vs 弦切 147,8-12% 對應室內平衡含水，不是隨便寫。 徑切 vs 弦切,Hoadley Understanding Wood / FPL Wood Handbook,mc
F03-0148,F03_0148.jpg,接合面積 · 節疤避開受拉 148,膠線與榫肩才是節點，釘子只是夾緊。 節疤避開受拉,Eckelman Furniture Strength / Rogowski Joinery,joint
F03-0149,F03_0149.jpg,力流 · 層積順紋 149,進、出、最窄。斷在最窄。 層積順紋,Hibbeler Mechanics of Materials / Gordon Structures,load
F03-0150,F03_0150.jpg,試驗次數 · 指接接頭 150,家具有自己的循環，不是大樓規範。 指接接頭,EN 1728 / BIFMA X5.1 / Eckelman,test
F03-0151,F03_0151.jpg,年輪與受力 · 圓榫 H7 151,力順著紋走，橫紋是弱向。 圓榫 H7,Hoadley Understanding Wood / FPL Wood Handbook,rings
F03-0152,F03_0152.jpg,含水率 · Domino 152,8-12% 對應室內平衡含水，不是隨便寫。 Domino,Hoadley Understanding Wood / FPL Wood Handbook,mc
F03-0153,F03_0153.jpg,接合面積 · 螺紋牙對橫紋 153,膠線與榫肩才是節點，釘子只是夾緊。 螺紋牙對橫紋,Eckelman Furniture Strength / Rogowski Joinery,joint
F03-0154,F03_0154.jpg,力流 · 軸承鎖 154,進、出、最窄。斷在最窄。 軸承鎖,Hibbeler Mechanics of Materials / Gordon Structures,load
F03-0155,F03_0155.jpg,試驗次數 · 牆扣路徑 155,家具有自己的循環，不是大樓規範。 牆扣路徑,EN 1728 / BIFMA X5.1 / Eckelman,test
F03-0156,F03_0156.jpg,年輪與受力 · 前舌不懸臂 156,力順著紋走，橫紋是弱向。 前舌不懸臂,Hoadley Understanding Wood / FPL Wood Handbook,rings
F03-0157,F03_0157.jpg,含水率 · 花座傾覆 157,8-12% 對應室內平衡含水，不是隨便寫。 花座傾覆,Hoadley Understanding Wood / FPL Wood Handbook,mc
F03-0158,F03_0158.jpg,接合面積 · 抽板偏載 158,膠線與榫肩才是節點，釘子只是夾緊。 抽板偏載,Eckelman Furniture Strength / Rogowski Joinery,joint
F03-0159,F03_0159.jpg,力流 · 盆底32 159,進、出、最窄。斷在最窄。 盆底32,Hibbeler Mechanics of Materials / Gordon Structures,load
F03-0160,F03_0160.jpg,試驗次數 · 扶手根45 160,家具有自己的循環，不是大樓規範。 扶手根45,EN 1728 / BIFMA X5.1 / Eckelman,test
F03-0161,F03_0161.jpg,年輪與受力 · 白橡導管 161,力順著紋走，橫紋是弱向。 白橡導管,Hoadley Understanding Wood / FPL Wood Handbook,rings
F03-0162,F03_0162.jpg,含水率 · 橡膠木均質 162,8-12% 對應室內平衡含水，不是隨便寫。 橡膠木均質,Hoadley Understanding Wood / FPL Wood Handbook,mc
F03-0163,F03_0163.jpg,接合面積 · 松木20mm 163,膠線與榫肩才是節點，釘子只是夾緊。 松木20mm,Eckelman Furniture Strength / Rogowski Joinery,joint
F03-0164,F03_0164.jpg,力流 · 山毛櫸移動 164,進、出、最窄。斷在最窄。 山毛櫸移動,Hibbeler Mechanics of Materials / Gordon Structures,load
F03-0165,F03_0165.jpg,試驗次數 · 胡桃色重 165,家具有自己的循環，不是大樓規範。 胡桃色重,EN 1728 / BIFMA X5.1 / Eckelman,test
F03-0166,F03_0166.jpg,年輪與受力 · 端紋封油 166,力順著紋走，橫紋是弱向。 端紋封油,Hoadley Understanding Wood / FPL Wood Handbook,rings
F03-0167,F03_0167.jpg,含水率 · 徑切 vs 弦切 167,8-12% 對應室內平衡含水，不是隨便寫。 徑切 vs 弦切,Hoadley Understanding Wood / FPL Wood Handbook,mc
F03-0168,F03_0168.jpg,接合面積 · 節疤避開受拉 168,膠線與榫肩才是節點，釘子只是夾緊。 節疤避開受拉,Eckelman Furniture Strength / Rogowski Joinery,joint
F03-0169,F03_0169.jpg,力流 · 層積順紋 169,進、出、最窄。斷在最窄。 層積順紋,Hibbeler Mechanics of Materials / Gordon Structures,load
F03-0170,F03_0170.jpg,試驗次數 · 指接接頭 170,家具有自己的循環，不是大樓規範。 指接接頭,EN 1728 / BIFMA X5.1 / Eckelman,test
F03-0171,F03_0171.jpg,年輪與受力 · 圓榫 H7 171,力順著紋走，橫紋是弱向。 圓榫 H7,Hoadley Understanding Wood / FPL Wood Handbook,rings
F03-0172,F03_0172.jpg,含水率 · Domino 172,8-12% 對應室內平衡含水，不是隨便寫。 Domino,Hoadley Understanding Wood / FPL Wood Handbook,mc
F03-0173,F03_0173.jpg,接合面積 · 螺紋牙對橫紋 173,膠線與榫肩才是節點，釘子只是夾緊。 螺紋牙對橫紋,Eckelman Furniture Strength / Rogowski Joinery,joint
F03-0174,F03_0174.jpg,力流 · 軸承鎖 174,進、出、最窄。斷在最窄。 軸承鎖,Hibbeler Mechanics of Materials / Gordon Structures,load
F03-0175,F03_0175.jpg,試驗次數 · 牆扣路徑 175,家具有自己的循環，不是大樓規範。 牆扣路徑,EN 1728 / BIFMA X5.1 / Eckelman,test
F03-0176,F03_0176.jpg,年輪與受力 · 前舌不懸臂 176,力順著紋走，橫紋是弱向。 前舌不懸臂,Hoadley Understanding Wood / FPL Wood Handbook,rings
F03-0177,F03_0177.jpg,含水率 · 花座傾覆 177,8-12% 對應室內平衡含水，不是隨便寫。 花座傾覆,Hoadley Understanding Wood / FPL Wood Handbook,mc
F03-0178,F03_0178.jpg,接合面積 · 抽板偏載 178,膠線與榫肩才是節點，釘子只是夾緊。 抽板偏載,Eckelman Furniture Strength / Rogowski Joinery,joint
F03-0179,F03_0179.jpg,力流 · 盆底32 179,進、出、最窄。斷在最窄。 盆底32,Hibbeler Mechanics of Materials / Gordon Structures,load
F03-0180,F03_0180.jpg,試驗次數 · 扶手根45 180,家具有自己的循環，不是大樓規範。 扶手根45,EN 1728 / BIFMA X5.1 / Eckelman,test
F03-0181,F03_0181.jpg,年輪與受力 · 白橡導管 181,力順著紋走，橫紋是弱向。 白橡導管,Hoadley Understanding Wood / FPL Wood Handbook,rings
F03-0182,F03_0182.jpg,含水率 · 橡膠木均質 182,8-12% 對應室內平衡含水，不是隨便寫。 橡膠木均質,Hoadley Understanding Wood / FPL Wood Handbook,mc
F03-0183,F03_0183.jpg,接合面積 · 松木20mm 183,膠線與榫肩才是節點，釘子只是夾緊。 松木20mm,Eckelman Furniture Strength / Rogowski Joinery,joint
F03-0184,F03_0184.jpg,力流 · 山毛櫸移動 184,進、出、最窄。斷在最窄。 山毛櫸移動,Hibbeler Mechanics of Materials / Gordon Structures,load
F03-0185,F03_0185.jpg,試驗次數 · 胡桃色重 185,家具有自己的循環，不是大樓規範。 胡桃色重,EN 1728 / BIFMA X5.1 / Eckelman,test
F03-0186,F03_0186.jpg,年輪與受力 · 端紋封油 186,力順著紋走，橫紋是弱向。 端紋封油,Hoadley Understanding Wood / FPL Wood Handbook,rings
F03-0187,F03_0187.jpg,含水率 · 徑切 vs 弦切 187,8-12% 對應室內平衡含水，不是隨便寫。 徑切 vs 弦切,Hoadley Understanding Wood / FPL Wood Handbook,mc
F03-0188,F03_0188.jpg,接合面積 · 節疤避開受拉 188,膠線與榫肩才是節點，釘子只是夾緊。 節疤避開受拉,Eckelman Furniture Strength / Rogowski Joinery,joint
F03-0189,F03_0189.jpg,力流 · 層積順紋 189,進、出、最窄。斷在最窄。 層積順紋,Hibbeler Mechanics of Materials / Gordon Structures,load
F03-0190,F03_0190.jpg,試驗次數 · 指接接頭 190,家具有自己的循環，不是大樓規範。 指接接頭,EN 1728 / BIFMA X5.1 / Eckelman,test
F03-0191,F03_0191.jpg,年輪與受力 · 圓榫 H7 191,力順著紋走，橫紋是弱向。 圓榫 H7,Hoadley Understanding Wood / FPL Wood Handbook,rings
F03-0192,F03_0192.jpg,含水率 · Domino 192,8-12% 對應室內平衡含水，不是隨便寫。 Domino,Hoadley Understanding Wood / FPL Wood Handbook,mc
F03-0193,F03_0193.jpg,接合面積 · 螺紋牙對橫紋 193,膠線與榫肩才是節點，釘子只是夾緊。 螺紋牙對橫紋,Eckelman Furniture Strength / Rogowski Joinery,joint
F03-0194,F03_0194.jpg,力流 · 軸承鎖 194,進、出、最窄。斷在最窄。 軸承鎖,Hibbeler Mechanics of Materials / Gordon Structures,load
F03-0195,F03_0195.jpg,試驗次數 · 牆扣路徑 195,家具有自己的循環，不是大樓規範。 牆扣路徑,EN 1728 / BIFMA X5.1 / Eckelman,test
F03-0196,F03_0196.jpg,年輪與受力 · 前舌不懸臂 196,力順著紋走，橫紋是弱向。 前舌不懸臂,Hoadley Understanding Wood / FPL Wood Handbook,rings
F03-0197,F03_0197.jpg,含水率 · 花座傾覆 197,8-12% 對應室內平衡含水，不是隨便寫。 花座傾覆,Hoadley Understanding Wood / FPL Wood Handbook,mc
F03-0198,F03_0198.jpg,接合面積 · 抽板偏載 198,膠線與榫肩才是節點，釘子只是夾緊。 抽板偏載,Eckelman Furniture Strength / Rogowski Joinery,joint
F03-0199,F03_0199.jpg,力流 · 盆底32 199,進、出、最窄。斷在最窄。 盆底32,Hibbeler Mechanics of Materials / Gordon Structures,load
F03-0200,F03_0200.jpg,試驗次數 · 扶手根45 200,家具有自己的循環，不是大樓規範。 扶手根45,EN 1728 / BIFMA X5.1 / Eckelman,test
F03-0201,F03_0201.jpg,年輪與受力 · 白橡導管 201,力順著紋走，橫紋是弱向。 白橡導管,Hoadley Understanding Wood / FPL Wood Handbook,rings
F03-0202,F03_0202.jpg,含水率 · 橡膠木均質 202,8-12% 對應室內平衡含水，不是隨便寫。 橡膠木均質,Hoadley Understanding Wood / FPL Wood Handbook,mc
F03-0203,F03_0203.jpg,接合面積 · 松木20mm 203,膠線與榫肩才是節點，釘子只是夾緊。 松木20mm,Eckelman Furniture Strength / Rogowski Joinery,joint
F03-0204,F03_0204.jpg,力流 · 山毛櫸移動 204,進、出、最窄。斷在最窄。 山毛櫸移動,Hibbeler Mechanics of Materials / Gordon Structures,load
F03-0205,F03_0205.jpg,試驗次數 · 胡桃色重 205,家具有自己的循環，不是大樓規範。 胡桃色重,EN 1728 / BIFMA X5.1 / Eckelman,test
F03-0206,F03_0206.jpg,年輪與受力 · 端紋封油 206,力順著紋走，橫紋是弱向。 端紋封油,Hoadley Understanding Wood / FPL Wood Handbook,rings
F03-0207,F03_0207.jpg,含水率 · 徑切 vs 弦切 207,8-12% 對應室內平衡含水，不是隨便寫。 徑切 vs 弦切,Hoadley Understanding Wood / FPL Wood Handbook,mc
F03-0208,F03_0208.jpg,接合面積 · 節疤避開受拉 208,膠線與榫肩才是節點，釘子只是夾緊。 節疤避開受拉,Eckelman Furniture Strength / Rogowski Joinery,joint
F03-0209,F03_0209.jpg,力流 · 層積順紋 209,進、出、最窄。斷在最窄。 層積順紋,Hibbeler Mechanics of Materials / Gordon Structures,load
F03-0210,F03_0210.jpg,試驗次數 · 指接接頭 210,家具有自己的循環，不是大樓規範。 指接接頭,EN 1728 / BIFMA X5.1 / Eckelman,test
F03-0211,F03_0211.jpg,年輪與受力 · 圓榫 H7 211,力順著紋走，橫紋是弱向。 圓榫 H7,Hoadley Understanding Wood / FPL Wood Handbook,rings
F03-0212,F03_0212.jpg,含水率 · Domino 212,8-12% 對應室內平衡含水，不是隨便寫。 Domino,Hoadley Understanding Wood / FPL Wood Handbook,mc
F03-0213,F03_0213.jpg,接合面積 · 螺紋牙對橫紋 213,膠線與榫肩才是節點，釘子只是夾緊。 螺紋牙對橫紋,Eckelman Furniture Strength / Rogowski Joinery,joint
F03-0214,F03_0214.jpg,力流 · 軸承鎖 214,進、出、最窄。斷在最窄。 軸承鎖,Hibbeler Mechanics of Materials / Gordon Structures,load
F03-0215,F03_0215.jpg,試驗次數 · 牆扣路徑 215,家具有自己的循環，不是大樓規範。 牆扣路徑,EN 1728 / BIFMA X5.1 / Eckelman,test
F03-0216,F03_0216.jpg,年輪與受力 · 前舌不懸臂 216,力順著紋走，橫紋是弱向。 前舌不懸臂,Hoadley Understanding Wood / FPL Wood Handbook,rings
F03-0217,F03_0217.jpg,含水率 · 花座傾覆 217,8-12% 對應室內平衡含水，不是隨便寫。 花座傾覆,Hoadley Understanding Wood / FPL Wood Handbook,mc
F03-0218,F03_0218.jpg,接合面積 · 抽板偏載 218,膠線與榫肩才是節點，釘子只是夾緊。 抽板偏載,Eckelman Furniture Strength / Rogowski Joinery,joint
F03-0219,F03_0219.jpg,力流 · 盆底32 219,進、出、最窄。斷在最窄。 盆底32,Hibbeler Mechanics of Materials / Gordon Structures,load
F03-0220,F03_0220.jpg,試驗次數 · 扶手根45 220,家具有自己的循環，不是大樓規範。 扶手根45,EN 1728 / BIFMA X5.1 / Eckelman,test
F03-0221,F03_0221.jpg,年輪與受力 · 白橡導管 221,力順著紋走，橫紋是弱向。 白橡導管,Hoadley Understanding Wood / FPL Wood Handbook,rings
F03-0222,F03_0222.jpg,含水率 · 橡膠木均質 222,8-12% 對應室內平衡含水，不是隨便寫。 橡膠木均質,Hoadley Understanding Wood / FPL Wood Handbook,mc
F03-0223,F03_0223.jpg,接合面積 · 松木20mm 223,膠線與榫肩才是節點，釘子只是夾緊。 松木20mm,Eckelman Furniture Strength / Rogowski Joinery,joint
F03-0224,F03_0224.jpg,力流 · 山毛櫸移動 224,進、出、最窄。斷在最窄。 山毛櫸移動,Hibbeler Mechanics of Materials / Gordon Structures,load
F03-0225,F03_0225.jpg,試驗次數 · 胡桃色重 225,家具有自己的循環，不是大樓規範。 胡桃色重,EN 1728 / BIFMA X5.1 / Eckelman,test
F03-0226,F03_0226.jpg,年輪與受力 · 端紋封油 226,力順著紋走，橫紋是弱向。 端紋封油,Hoadley Understanding Wood / FPL Wood Handbook,rings
F03-0227,F03_0227.jpg,含水率 · 徑切 vs 弦切 227,8-12% 對應室內平衡含水，不是隨便寫。 徑切 vs 弦切,Hoadley Understanding Wood / FPL Wood Handbook,mc
F03-0228,F03_0228.jpg,接合面積 · 節疤避開受拉 228,膠線與榫肩才是節點，釘子只是夾緊。 節疤避開受拉,Eckelman Furniture Strength / Rogowski Joinery,joint
F03-0229,F03_0229.jpg,力流 · 層積順紋 229,進、出、最窄。斷在最窄。 層積順紋,Hibbeler Mechanics of Materials / Gordon Structures,load
F03-0230,F03_0230.jpg,試驗次數 · 指接接頭 230,家具有自己的循環，不是大樓規範。 指接接頭,EN 1728 / BIFMA X5.1 / Eckelman,test
F03-0231,F03_0231.jpg,年輪與受力 · 圓榫 H7 231,力順著紋走，橫紋是弱向。 圓榫 H7,Hoadley Understanding Wood / FPL Wood Handbook,rings
F03-0232,F03_0232.jpg,含水率 · Domino 232,8-12% 對應室內平衡含水，不是隨便寫。 Domino,Hoadley Understanding Wood / FPL Wood Handbook,mc
F03-0233,F03_0233.jpg,接合面積 · 螺紋牙對橫紋 233,膠線與榫肩才是節點，釘子只是夾緊。 螺紋牙對橫紋,Eckelman Furniture Strength / Rogowski Joinery,joint
F03-0234,F03_0234.jpg,力流 · 軸承鎖 234,進、出、最窄。斷在最窄。 軸承鎖,Hibbeler Mechanics of Materials / Gordon Structures,load
F03-0235,F03_0235.jpg,試驗次數 · 牆扣路徑 235,家具有自己的循環，不是大樓規範。 牆扣路徑,EN 1728 / BIFMA X5.1 / Eckelman,test
F03-0236,F03_0236.jpg,年輪與受力 · 前舌不懸臂 236,力順著紋走，橫紋是弱向。 前舌不懸臂,Hoadley Understanding Wood / FPL Wood Handbook,rings
F03-0237,F03_0237.jpg,含水率 · 花座傾覆 237,8-12% 對應室內平衡含水，不是隨便寫。 花座傾覆,Hoadley Understanding Wood / FPL Wood Handbook,mc
F03-0238,F03_0238.jpg,接合面積 · 抽板偏載 238,膠線與榫肩才是節點，釘子只是夾緊。 抽板偏載,Eckelman Furniture Strength / Rogowski Joinery,joint
F03-0239,F03_0239.jpg,力流 · 盆底32 239,進、出、最窄。斷在最窄。 盆底32,Hibbeler Mechanics of Materials / Gordon Structures,load
F03-0240,F03_0240.jpg,試驗次數 · 扶手根45 240,家具有自己的循環，不是大樓規範。 扶手根45,EN 1728 / BIFMA X5.1 / Eckelman,test
F03-0241,F03_0241.jpg,年輪與受力 · 白橡導管 241,力順著紋走，橫紋是弱向。 白橡導管,Hoadley Understanding Wood / FPL Wood Handbook,rings
F03-0242,F03_0242.jpg,含水率 · 橡膠木均質 242,8-12% 對應室內平衡含水，不是隨便寫。 橡膠木均質,Hoadley Understanding Wood / FPL Wood Handbook,mc
F03-0243,F03_0243.jpg,接合面積 · 松木20mm 243,膠線與榫肩才是節點，釘子只是夾緊。 松木20mm,Eckelman Furniture Strength / Rogowski Joinery,joint
F03-0244,F03_0244.jpg,力流 · 山毛櫸移動 244,進、出、最窄。斷在最窄。 山毛櫸移動,Hibbeler Mechanics of Materials / Gordon Structures,load
F03-0245,F03_0245.jpg,試驗次數 · 胡桃色重 245,家具有自己的循環，不是大樓規範。 胡桃色重,EN 1728 / BIFMA X5.1 / Eckelman,test
F03-0246,F03_0246.jpg,年輪與受力 · 端紋封油 246,力順著紋走，橫紋是弱向。 端紋封油,Hoadley Understanding Wood / FPL Wood Handbook,rings
F03-0247,F03_0247.jpg,含水率 · 徑切 vs 弦切 247,8-12% 對應室內平衡含水，不是隨便寫。 徑切 vs 弦切,Hoadley Understanding Wood / FPL Wood Handbook,mc
F03-0248,F03_0248.jpg,接合面積 · 節疤避開受拉 248,膠線與榫肩才是節點，釘子只是夾緊。 節疤避開受拉,Eckelman Furniture Strength / Rogowski Joinery,joint
F03-0249,F03_0249.jpg,力流 · 層積順紋 249,進、出、最窄。斷在最窄。 層積順紋,Hibbeler Mechanics of Materials / Gordon Structures,load
F03-0250,F03_0250.jpg,試驗次數 · 指接接頭 250,家具有自己的循環，不是大樓規範。 指接接頭,EN 1728 / BIFMA X5.1 / Eckelman,test
F03-0251,F03_0251.jpg,年輪與受力 · 圓榫 H7 251,力順著紋走，橫紋是弱向。 圓榫 H7,Hoadley Understanding Wood / FPL Wood Handbook,rings
F03-0252,F03_0252.jpg,含水率 · Domino 252,8-12% 對應室內平衡含水，不是隨便寫。 Domino,Hoadley Understanding Wood / FPL Wood Handbook,mc
F03-0253,F03_0253.jpg,接合面積 · 螺紋牙對橫紋 253,膠線與榫肩才是節點，釘子只是夾緊。 螺紋牙對橫紋,Eckelman Furniture Strength / Rogowski Joinery,joint
F03-0254,F03_0254.jpg,力流 · 軸承鎖 254,進、出、最窄。斷在最窄。 軸承鎖,Hibbeler Mechanics of Materials / Gordon Structures,load
F03-0255,F03_0255.jpg,試驗次數 · 牆扣路徑 255,家具有自己的循環，不是大樓規範。 牆扣路徑,EN 1728 / BIFMA X5.1 / Eckelman,test
F03-0256,F03_0256.jpg,年輪與受力 · 前舌不懸臂 256,力順著紋走，橫紋是弱向。 前舌不懸臂,Hoadley Understanding Wood / FPL Wood Handbook,rings
F03-0257,F03_0257.jpg,含水率 · 花座傾覆 257,8-12% 對應室內平衡含水，不是隨便寫。 花座傾覆,Hoadley Understanding Wood / FPL Wood Handbook,mc
F03-0258,F03_0258.jpg,接合面積 · 抽板偏載 258,膠線與榫肩才是節點，釘子只是夾緊。 抽板偏載,Eckelman Furniture Strength / Rogowski Joinery,joint
F03-0259,F03_0259.jpg,力流 · 盆底32 259,進、出、最窄。斷在最窄。 盆底32,Hibbeler Mechanics of Materials / Gordon Structures,load
F03-0260,F03_0260.jpg,試驗次數 · 扶手根45 260,家具有自己的循環，不是大樓規範。 扶手根45,EN 1728 / BIFMA X5.1 / Eckelman,test
F03-0261,F03_0261.jpg,年輪與受力 · 白橡導管 261,力順著紋走，橫紋是弱向。 白橡導管,Hoadley Understanding Wood / FPL Wood Handbook,rings
F03-0262,F03_0262.jpg,含水率 · 橡膠木均質 262,8-12% 對應室內平衡含水，不是隨便寫。 橡膠木均質,Hoadley Understanding Wood / FPL Wood Handbook,mc
F03-0263,F03_0263.jpg,接合面積 · 松木20mm 263,膠線與榫肩才是節點，釘子只是夾緊。 松木20mm,Eckelman Furniture Strength / Rogowski Joinery,joint
F03-0264,F03_0264.jpg,力流 · 山毛櫸移動 264,進、出、最窄。斷在最窄。 山毛櫸移動,Hibbeler Mechanics of Materials / Gordon Structures,load
F03-0265,F03_0265.jpg,試驗次數 · 胡桃色重 265,家具有自己的循環，不是大樓規範。 胡桃色重,EN 1728 / BIFMA X5.1 / Eckelman,test
F03-0266,F03_0266.jpg,年輪與受力 · 端紋封油 266,力順著紋走，橫紋是弱向。 端紋封油,Hoadley Understanding Wood / FPL Wood Handbook,rings
F03-0267,F03_0267.jpg,含水率 · 徑切 vs 弦切 267,8-12% 對應室內平衡含水，不是隨便寫。 徑切 vs 弦切,Hoadley Understanding Wood / FPL Wood Handbook,mc
F03-0268,F03_0268.jpg,接合面積 · 節疤避開受拉 268,膠線與榫肩才是節點，釘子只是夾緊。 節疤避開受拉,Eckelman Furniture Strength / Rogowski Joinery,joint
F03-0269,F03_0269.jpg,力流 · 層積順紋 269,進、出、最窄。斷在最窄。 層積順紋,Hibbeler Mechanics of Materials / Gordon Structures,load
F03-0270,F03_0270.jpg,試驗次數 · 指接接頭 270,家具有自己的循環，不是大樓規範。 指接接頭,EN 1728 / BIFMA X5.1 / Eckelman,test
F03-0271,F03_0271.jpg,年輪與受力 · 圓榫 H7 271,力順著紋走，橫紋是弱向。 圓榫 H7,Hoadley Understanding Wood / FPL Wood Handbook,rings
F03-0272,F03_0272.jpg,含水率 · Domino 272,8-12% 對應室內平衡含水，不是隨便寫。 Domino,Hoadley Understanding Wood / FPL Wood Handbook,mc
F03-0273,F03_0273.jpg,接合面積 · 螺紋牙對橫紋 273,膠線與榫肩才是節點，釘子只是夾緊。 螺紋牙對橫紋,Eckelman Furniture Strength / Rogowski Joinery,joint
F03-0274,F03_0274.jpg,力流 · 軸承鎖 274,進、出、最窄。斷在最窄。 軸承鎖,Hibbeler Mechanics of Materials / Gordon Structures,load
F03-0275,F03_0275.jpg,試驗次數 · 牆扣路徑 275,家具有自己的循環，不是大樓規範。 牆扣路徑,EN 1728 / BIFMA X5.1 / Eckelman,test
F03-0276,F03_0276.jpg,年輪與受力 · 前舌不懸臂 276,力順著紋走，橫紋是弱向。 前舌不懸臂,Hoadley Understanding Wood / FPL Wood Handbook,rings
F03-0277,F03_0277.jpg,含水率 · 花座傾覆 277,8-12% 對應室內平衡含水，不是隨便寫。 花座傾覆,Hoadley Understanding Wood / FPL Wood Handbook,mc
F03-0278,F03_0278.jpg,接合面積 · 抽板偏載 278,膠線與榫肩才是節點，釘子只是夾緊。 抽板偏載,Eckelman Furniture Strength / Rogowski Joinery,joint
F03-0279,F03_0279.jpg,力流 · 盆底32 279,進、出、最窄。斷在最窄。 盆底32,Hibbeler Mechanics of Materials / Gordon Structures,load
F03-0280,F03_0280.jpg,試驗次數 · 扶手根45 280,家具有自己的循環，不是大樓規範。 扶手根45,EN 1728 / BIFMA X5.1 / Eckelman,test
F03-0281,F03_0281.jpg,年輪與受力 · 白橡導管 281,力順著紋走，橫紋是弱向。 白橡導管,Hoadley Understanding Wood / FPL Wood Handbook,rings
F03-0282,F03_0282.jpg,含水率 · 橡膠木均質 282,8-12% 對應室內平衡含水，不是隨便寫。 橡膠木均質,Hoadley Understanding Wood / FPL Wood Handbook,mc
F03-0283,F03_0283.jpg,接合面積 · 松木20mm 283,膠線與榫肩才是節點，釘子只是夾緊。 松木20mm,Eckelman Furniture Strength / Rogowski Joinery,joint
F03-0284,F03_0284.jpg,力流 · 山毛櫸移動 284,進、出、最窄。斷在最窄。 山毛櫸移動,Hibbeler Mechanics of Materials / Gordon Structures,load
F03-0285,F03_0285.jpg,試驗次數 · 胡桃色重 285,家具有自己的循環，不是大樓規範。 胡桃色重,EN 1728 / BIFMA X5.1 / Eckelman,test
F03-0286,F03_0286.jpg,年輪與受力 · 端紋封油 286,力順著紋走，橫紋是弱向。 端紋封油,Hoadley Understanding Wood / FPL Wood Handbook,rings
F03-0287,F03_0287.jpg,含水率 · 徑切 vs 弦切 287,8-12% 對應室內平衡含水，不是隨便寫。 徑切 vs 弦切,Hoadley Understanding Wood / FPL Wood Handbook,mc
F03-0288,F03_0288.jpg,接合面積 · 節疤避開受拉 288,膠線與榫肩才是節點，釘子只是夾緊。 節疤避開受拉,Eckelman Furniture Strength / Rogowski Joinery,joint
F03-0289,F03_0289.jpg,力流 · 層積順紋 289,進、出、最窄。斷在最窄。 層積順紋,Hibbeler Mechanics of Materials / Gordon Structures,load
F03-0290,F03_0290.jpg,試驗次數 · 指接接頭 290,家具有自己的循環，不是大樓規範。 指接接頭,EN 1728 / BIFMA X5.1 / Eckelman,test
F03-0291,F03_0291.jpg,年輪與受力 · 圓榫 H7 291,力順著紋走，橫紋是弱向。 圓榫 H7,Hoadley Understanding Wood / FPL Wood Handbook,rings
F03-0292,F03_0292.jpg,含水率 · Domino 292,8-12% 對應室內平衡含水，不是隨便寫。 Domino,Hoadley Understanding Wood / FPL Wood Handbook,mc
F03-0293,F03_0293.jpg,接合面積 · 螺紋牙對橫紋 293,膠線與榫肩才是節點，釘子只是夾緊。 螺紋牙對橫紋,Eckelman Furniture Strength / Rogowski Joinery,joint
F03-0294,F03_0294.jpg,力流 · 軸承鎖 294,進、出、最窄。斷在最窄。 軸承鎖,Hibbeler Mechanics of Materials / Gordon Structures,load
F03-0295,F03_0295.jpg,試驗次數 · 牆扣路徑 295,家具有自己的循環，不是大樓規範。 牆扣路徑,EN 1728 / BIFMA X5.1 / Eckelman,test
F03-0296,F03_0296.jpg,年輪與受力 · 前舌不懸臂 296,力順著紋走，橫紋是弱向。 前舌不懸臂,Hoadley Understanding Wood / FPL Wood Handbook,rings
F03-0297,F03_0297.jpg,含水率 · 花座傾覆 297,8-12% 對應室內平衡含水，不是隨便寫。 花座傾覆,Hoadley Understanding Wood / FPL Wood Handbook,mc
F03-0298,F03_0298.jpg,接合面積 · 抽板偏載 298,膠線與榫肩才是節點，釘子只是夾緊。 抽板偏載,Eckelman Furniture Strength / Rogowski Joinery,joint
F03-0299,F03_0299.jpg,力流 · 盆底32 299,進、出、最窄。斷在最窄。 盆底32,Hibbeler Mechanics of Materials / Gordon Structures,load
F03-0300,F03_0300.jpg,試驗次數 · 扶手根45 300,家具有自己的循環，不是大樓規範。 扶手根45,EN 1728 / BIFMA X5.1 / Eckelman,test
F03-0301,F03_0301.jpg,年輪與受力 · 白橡導管 301,力順著紋走，橫紋是弱向。 白橡導管,Hoadley Understanding Wood / FPL Wood Handbook,rings
F03-0302,F03_0302.jpg,含水率 · 橡膠木均質 302,8-12% 對應室內平衡含水，不是隨便寫。 橡膠木均質,Hoadley Understanding Wood / FPL Wood Handbook,mc
F03-0303,F03_0303.jpg,接合面積 · 松木20mm 303,膠線與榫肩才是節點，釘子只是夾緊。 松木20mm,Eckelman Furniture Strength / Rogowski Joinery,joint
F03-0304,F03_0304.jpg,力流 · 山毛櫸移動 304,進、出、最窄。斷在最窄。 山毛櫸移動,Hibbeler Mechanics of Materials / Gordon Structures,load
F03-0305,F03_0305.jpg,試驗次數 · 胡桃色重 305,家具有自己的循環，不是大樓規範。 胡桃色重,EN 1728 / BIFMA X5.1 / Eckelman,test
F03-0306,F03_0306.jpg,年輪與受力 · 端紋封油 306,力順著紋走，橫紋是弱向。 端紋封油,Hoadley Understanding Wood / FPL Wood Handbook,rings
F03-0307,F03_0307.jpg,含水率 · 徑切 vs 弦切 307,8-12% 對應室內平衡含水，不是隨便寫。 徑切 vs 弦切,Hoadley Understanding Wood / FPL Wood Handbook,mc
F03-0308,F03_0308.jpg,接合面積 · 節疤避開受拉 308,膠線與榫肩才是節點，釘子只是夾緊。 節疤避開受拉,Eckelman Furniture Strength / Rogowski Joinery,joint
F03-0309,F03_0309.jpg,力流 · 層積順紋 309,進、出、最窄。斷在最窄。 層積順紋,Hibbeler Mechanics of Materials / Gordon Structures,load
F03-0310,F03_0310.jpg,試驗次數 · 指接接頭 310,家具有自己的循環，不是大樓規範。 指接接頭,EN 1728 / BIFMA X5.1 / Eckelman,test
F03-0311,F03_0311.jpg,年輪與受力 · 圓榫 H7 311,力順著紋走，橫紋是弱向。 圓榫 H7,Hoadley Understanding Wood / FPL Wood Handbook,rings
F03-0312,F03_0312.jpg,含水率 · Domino 312,8-12% 對應室內平衡含水，不是隨便寫。 Domino,Hoadley Understanding Wood / FPL Wood Handbook,mc
F03-0313,F03_0313.jpg,接合面積 · 螺紋牙對橫紋 313,膠線與榫肩才是節點，釘子只是夾緊。 螺紋牙對橫紋,Eckelman Furniture Strength / Rogowski Joinery,joint
F03-0314,F03_0314.jpg,力流 · 軸承鎖 314,進、出、最窄。斷在最窄。 軸承鎖,Hibbeler Mechanics of Materials / Gordon Structures,load
F03-0315,F03_0315.jpg,試驗次數 · 牆扣路徑 315,家具有自己的循環，不是大樓規範。 牆扣路徑,EN 1728 / BIFMA X5.1 / Eckelman,test
F03-0316,F03_0316.jpg,年輪與受力 · 前舌不懸臂 316,力順著紋走，橫紋是弱向。 前舌不懸臂,Hoadley Understanding Wood / FPL Wood Handbook,rings
F03-0317,F03_0317.jpg,含水率 · 花座傾覆 317,8-12% 對應室內平衡含水，不是隨便寫。 花座傾覆,Hoadley Understanding Wood / FPL Wood Handbook,mc
F03-0318,F03_0318.jpg,接合面積 · 抽板偏載 318,膠線與榫肩才是節點，釘子只是夾緊。 抽板偏載,Eckelman Furniture Strength / Rogowski Joinery,joint
F03-0319,F03_0319.jpg,力流 · 盆底32 319,進、出、最窄。斷在最窄。 盆底32,Hibbeler Mechanics of Materials / Gordon Structures,load
F03-0320,F03_0320.jpg,試驗次數 · 扶手根45 320,家具有自己的循環，不是大樓規範。 扶手根45,EN 1728 / BIFMA X5.1 / Eckelman,test
F03-0321,F03_0321.jpg,年輪與受力 · 白橡導管 321,力順著紋走，橫紋是弱向。 白橡導管,Hoadley Understanding Wood / FPL Wood Handbook,rings
F03-0322,F03_0322.jpg,含水率 · 橡膠木均質 322,8-12% 對應室內平衡含水，不是隨便寫。 橡膠木均質,Hoadley Understanding Wood / FPL Wood Handbook,mc
F03-0323,F03_0323.jpg,接合面積 · 松木20mm 323,膠線與榫肩才是節點，釘子只是夾緊。 松木20mm,Eckelman Furniture Strength / Rogowski Joinery,joint
F03-0324,F03_0324.jpg,力流 · 山毛櫸移動 324,進、出、最窄。斷在最窄。 山毛櫸移動,Hibbeler Mechanics of Materials / Gordon Structures,load
F03-0325,F03_0325.jpg,試驗次數 · 胡桃色重 325,家具有自己的循環，不是大樓規範。 胡桃色重,EN 1728 / BIFMA X5.1 / Eckelman,test
F03-0326,F03_0326.jpg,年輪與受力 · 端紋封油 326,力順著紋走，橫紋是弱向。 端紋封油,Hoadley Understanding Wood / FPL Wood Handbook,rings
F03-0327,F03_0327.jpg,含水率 · 徑切 vs 弦切 327,8-12% 對應室內平衡含水，不是隨便寫。 徑切 vs 弦切,Hoadley Understanding Wood / FPL Wood Handbook,mc
F03-0328,F03_0328.jpg,接合面積 · 節疤避開受拉 328,膠線與榫肩才是節點，釘子只是夾緊。 節疤避開受拉,Eckelman Furniture Strength / Rogowski Joinery,joint
F03-0329,F03_0329.jpg,力流 · 層積順紋 329,進、出、最窄。斷在最窄。 層積順紋,Hibbeler Mechanics of Materials / Gordon Structures,load
F03-0330,F03_0330.jpg,試驗次數 · 指接接頭 330,家具有自己的循環，不是大樓規範。 指接接頭,EN 1728 / BIFMA X5.1 / Eckelman,test
